Bank Code,Party being financed,Source of data entry / upload,Invoice #_Raw,Supplier Name,Buyer Name,Invoice Date,Submission Date_Cleansed,Invoice Amount,Currency_Cleansed,UTC Status,Risk Score
,,,5449,company_0,buyer,,,0,,,
,,,4883,company_0,buyer,,,0,,,
,,,4438,company_0,buyer,,,0,,,
,,,9540,company_0,buyer,,,0,,,
,,,6303,company_0,buyer,,,0,,,
,,,2050,company_0,buyer,,,0,,,
,,,5308,company_0,buyer,,,0,,,
,,,1403,company_0,buyer,,,0,,,
,,,1992,company_0,buyer,,,0,,,
,,,3995,company_0,buyer,,,0,,,
,,,5539,company_0,buyer,,,0,,,
,,,2458,company_0,buyer,,,0,,,
,,,9598,company_0,buyer,,,0,,,
,,,2507,company_0,buyer,,,0,,,
,,,6681,company_0,buyer,,,0,,,
,,,5943,company_0,buyer,,,0,,,
,,,0008,company_0,buyer,,,0,,,
,,,1716,company_0,buyer,,,0,,,
,,,3972,company_0,buyer,,,0,,,
,,,4151,company_0,buyer,,,0,,,
,,,0397,company_0,buyer,,,0,,,
,,,9698,company_0,buyer,,,0,,,
,,,6814,company_0,buyer,,,0,,,
,,,4135,company_0,buyer,,,0,,,
,,,6048,company_0,buyer,,,0,,,
,,,3955,company_0,buyer,,,0,,,
,,,3119,company_0,buyer,,,0,,,
,,,9556,company_0,buyer,,,0,,,
,,,1560,company_0,buyer,,,0,,,
,,,0214,company_0,buyer,,,0,,,
,,,9244,company_0,buyer,,,0,,,
,,,6494,company_0,buyer,,,0,,,
,,,5242,company_0,buyer,,,0,,,
,,,1671,company_0,buyer,,,0,,,
,,,5603,company_0,buyer,,,0,,,
,,,5133,company_0,buyer,,,0,,,
,,,7870,company_0,buyer,,,0,,,
,,,8831,company_0,buyer,,,0,,,
,,,6399,company_0,buyer,,,0,,,
,,,7950,company_0,buyer,,,0,,,
,,,2337,company_0,buyer,,,0,,,
,,,7693,company_0,buyer,,,0,,,
,,,3873,company_0,buyer,,,0,,,
,,,1817,company_0,buyer,,,0,,,
,,,9602,company_0,buyer,,,0,,,
,,,8524,company_0,buyer,,,0,,,
,,,2467,company_0,buyer,,,0,,,
,,,1144,company_0,buyer,,,0,,,
,,,3949,company_0,buyer,,,0,,,
,,,5261,company_0,buyer,,,0,,,
,,,7031,company_0,buyer,,,0,,,
,,,4094,company_0,buyer,,,0,,,
,,,8286,company_0,buyer,,,0,,,
,,,3062,company_0,buyer,,,0,,,
,,,3751,company_0,buyer,,,0,,,
,,,9236,company_0,buyer,,,0,,,
,,,7775,company_0,buyer,,,0,,,
,,,3633,company_0,buyer,,,0,,,
,,,8501,company_0,buyer,,,0,,,
,,,5481,company_0,buyer,,,0,,,
,,,3966,company_0,buyer,,,0,,,
,,,0690,company_0,buyer,,,0,,,
,,,4617,company_0,buyer,,,0,,,
,,,7792,company_0,buyer,,,0,,,
,,,4117,company_0,buyer,,,0,,,
,,,4376,company_0,buyer,,,0,,,
,,,1284,company_0,buyer,,,0,,,
,,,3964,company_0,buyer,,,0,,,
,,,7983,company_0,buyer,,,0,,,
,,,1096,company_0,buyer,,,0,,,
,,,3599,company_0,buyer,,,0,,,
,,,7325,company_0,buyer,,,0,,,
,,,8902,company_0,buyer,,,0,,,
,,,8200,company_0,buyer,,,0,,,
,,,4340,company_0,buyer,,,0,,,
,,,1161,company_0,buyer,,,0,,,
,,,8751,company_0,buyer,,,0,,,
,,,7045,company_0,buyer,,,0,,,
,,,0668,company_0,buyer,,,0,,,
,,,0023,company_0,buyer,,,0,,,
,,,7814,company_0,buyer,,,0,,,
,,,8458,company_0,buyer,,,0,,,
,,,5520,company_0,buyer,,,0,,,
,,,7299,company_0,buyer,,,0,,,
,,,5477,company_0,buyer,,,0,,,
,,,3490,company_0,buyer,,,0,,,
,,,8152,company_0,buyer,,,0,,,
,,,2951,company_0,buyer,,,0,,,
,,,5469,company_0,buyer,,,0,,,
,,,9421,company_0,buyer,,,0,,,
,,,0862,company_0,buyer,,,0,,,
,,,8972,company_0,buyer,,,0,,,
,,,1098,company_0,buyer,,,0,,,
,,,6154,company_0,buyer,,,0,,,
,,,3332,company_0,buyer,,,0,,,
,,,7137,company_0,buyer,,,0,,,
,,,5099,company_0,buyer,,,0,,,
,,,0227,company_0,buyer,,,0,,,
,,,8676,company_0,buyer,,,0,,,
,,,1800,company_0,buyer,,,0,,,
,,,OBLATM/16-68/S,company_1,buyer,,,0,,,
,,,DEPWLU/25-03/R,company_1,buyer,,,0,,,
,,,YQVXGU/41-42/C,company_1,buyer,,,0,,,
,,,CMNCUC/16-67/C,company_1,buyer,,,0,,,
,,,FIOKOP/41-81/G,company_1,buyer,,,0,,,
,,,KAROYO/92-37/F,company_1,buyer,,,0,,,
,,,MBLDIZ/49-24/C,company_1,buyer,,,0,,,
,,,MGTAAO/22-81/T,company_1,buyer,,,0,,,
,,,QWXLHT/93-40/I,company_1,buyer,,,0,,,
,,,YIVBIK/14-45/W,company_1,buyer,,,0,,,
,,,UTHRVB/37-97/O,company_1,buyer,,,0,,,
,,,FFRMMX/21-59/I,company_1,buyer,,,0,,,
,,,LBIWDP/57-75/P,company_1,buyer,,,0,,,
,,,VEPMUU/04-90/O,company_1,buyer,,,0,,,
,,,VYBEYX/23-58/R,company_1,buyer,,,0,,,
,,,KZTYNL/18-59/C,company_1,buyer,,,0,,,
,,,ELWRFF/60-93/R,company_1,buyer,,,0,,,
,,,TTOXMB/54-37/S,company_1,buyer,,,0,,,
,,,WUCBOI/46-80/L,company_1,buyer,,,0,,,
,,,ZRZYLF/12-35/M,company_1,buyer,,,0,,,
,,,QJRZMK/50-20/F,company_1,buyer,,,0,,,
,,,OFOVCQ/30-43/G,company_1,buyer,,,0,,,
,,,PHZKFH/36-79/F,company_1,buyer,,,0,,,
,,,GZOFEG/90-35/J,company_1,buyer,,,0,,,
,,,QMQXYA/32-93/A,company_1,buyer,,,0,,,
,,,WFFSKH/09-47/V,company_1,buyer,,,0,,,
,,,HRUVAH/46-28/O,company_1,buyer,,,0,,,
,,,YSDWPU/61-52/H,company_1,buyer,,,0,,,
,,,SQYXUG/22-57/W,company_1,buyer,,,0,,,
,,,TJHWIE/01-18/E,company_1,buyer,,,0,,,
,,,KJJGZY/50-35/N,company_1,buyer,,,0,,,
,,,QPGNAR/88-61/W,company_1,buyer,,,0,,,
,,,GMOPHD/82-54/E,company_1,buyer,,,0,,,
,,,ESYMFE/94-35/W,company_1,buyer,,,0,,,
,,,LFNVNW/83-68/F,company_1,buyer,,,0,,,
,,,CGAJUD/63-42/Z,company_1,buyer,,,0,,,
,,,TLQYVN/70-80/B,company_1,buyer,,,0,,,
,,,TYIJYY/52-63/I,company_1,buyer,,,0,,,
,,,RUSEKJ/71-50/E,company_1,buyer,,,0,,,
,,,KOUCKC/17-60/X,company_1,buyer,,,0,,,
,,,ATHDYL/06-99/Y,company_1,buyer,,,0,,,
,,,UVKNPJ/73-10/U,company_1,buyer,,,0,,,
,,,JBOQVN/00-11/E,company_1,buyer,,,0,,,
,,,QYLFWF/82-62/D,company_1,buyer,,,0,,,
,,,MRINIV/99-04/T,company_1,buyer,,,0,,,
,,,RCCUBL/30-76/X,company_1,buyer,,,0,,,
,,,JMLQUL/46-40/L,company_1,buyer,,,0,,,
,,,PNTAVG/88-27/L,company_1,buyer,,,0,,,
,,,RKVWXH/05-11/V,company_1,buyer,,,0,,,
,,,NYTROL/18-70/Y,company_1,buyer,,,0,,,
,,,GCGWDR/40-43/A,company_1,buyer,,,0,,,
,,,MVGFTD/86-98/U,company_1,buyer,,,0,,,
,,,CSQOKZ/43-61/R,company_1,buyer,,,0,,,
,,,VKIBGA/99-29/E,company_1,buyer,,,0,,,
,,,EJLTKA/88-49/F,company_1,buyer,,,0,,,
,,,YRUONR/34-81/Z,company_1,buyer,,,0,,,
,,,QPGSBK/98-93/C,company_1,buyer,,,0,,,
,,,QCQLMN/10-93/S,company_1,buyer,,,0,,,
,,,WXXIKX/38-19/L,company_1,buyer,,,0,,,
,,,HPAPUK/90-65/C,company_1,buyer,,,0,,,
,,,CPMTGJ/09-70/X,company_1,buyer,,,0,,,
,,,VWBKMP/79-46/P,company_1,buyer,,,0,,,
,,,SIJPTP/97-41/H,company_1,buyer,,,0,,,
,,,KAIJPG/51-95/O,company_1,buyer,,,0,,,
,,,NJGJEF/13-49/V,company_1,buyer,,,0,,,
,,,DQWTDY/94-62/I,company_1,buyer,,,0,,,
,,,OABFTL/62-88/S,company_1,buyer,,,0,,,
,,,KXGQNO/25-77/F,company_1,buyer,,,0,,,
,,,VXSTDF/05-83/Y,company_1,buyer,,,0,,,
,,,HDBVCR/07-25/D,company_1,buyer,,,0,,,
,,,FZBFTH/98-02/X,company_1,buyer,,,0,,,
,,,FHZTMA/20-62/B,company_1,buyer,,,0,,,
,,,KOWSFU/14-34/X,company_1,buyer,,,0,,,
,,,UMPDOY/35-14/L,company_1,buyer,,,0,,,
,,,MUCSQO/74-87/U,company_1,buyer,,,0,,,
,,,FIRGVX/84-17/J,company_1,buyer,,,0,,,
,,,JQVMTS/23-69/B,company_1,buyer,,,0,,,
,,,PUDTXO/76-45/L,company_1,buyer,,,0,,,
,,,BXPPCF/78-08/N,company_1,buyer,,,0,,,
,,,AOEGQT/36-68/Y,company_1,buyer,,,0,,,
,,,YQQQDR/83-74/Z,company_1,buyer,,,0,,,
,,,SYQZXZ/21-99/M,company_1,buyer,,,0,,,
,,,WYHUGY/35-47/D,company_1,buyer,,,0,,,
,,,INJXAQ/69-69/R,company_1,buyer,,,0,,,
,,,WNNDOI/41-44/P,company_1,buyer,,,0,,,
,,,GVOIBD/96-89/T,company_1,buyer,,,0,,,
,,,SPSUGJ/10-81/N,company_1,buyer,,,0,,,
,,,DVIRWL/68-84/U,company_1,buyer,,,0,,,
,,,SNFETF/24-48/Z,company_1,buyer,,,0,,,
,,,XNJIPW/09-53/I,company_1,buyer,,,0,,,
,,,IFMKLG/12-17/E,company_1,buyer,,,0,,,
,,,HGEJBR/02-59/Y,company_1,buyer,,,0,,,
,,,DOLFYG/31-14/N,company_1,buyer,,,0,,,
,,,RSZXDF/03-74/V,company_1,buyer,,,0,,,
,,,RXHQWA/61-89/S,company_1,buyer,,,0,,,
,,,DBGZCC/40-67/C,company_1,buyer,,,0,,,
,,,KYNTKI/50-54/O,company_1,buyer,,,0,,,
,,,QRQFMA/78-48/P,company_1,buyer,,,0,,,
,,,LEJBCV/10-49/W,company_1,buyer,,,0,,,
,,,AIOWOC/52-00/G,company_1,buyer,,,0,,,
,,,44440683,company_2,buyer,,,0,,,
,,,44441002,company_2,buyer,,,0,,,
,,,44446009,company_2,buyer,,,0,,,
,,,44445455,company_2,buyer,,,0,,,
,,,44446253,company_2,buyer,,,0,,,
,,,44440519,company_2,buyer,,,0,,,
,,,44445593,company_2,buyer,,,0,,,
,,,44447170,company_2,buyer,,,0,,,
,,,44449990,company_2,buyer,,,0,,,
,,,44446917,company_2,buyer,,,0,,,
,,,44441596,company_2,buyer,,,0,,,
,,,44443562,company_2,buyer,,,0,,,
,,,44449097,company_2,buyer,,,0,,,
,,,44440130,company_2,buyer,,,0,,,
,,,44442107,company_2,buyer,,,0,,,
,,,44448964,company_2,buyer,,,0,,,
,,,44445398,company_2,buyer,,,0,,,
,,,44448220,company_2,buyer,,,0,,,
,,,44448411,company_2,buyer,,,0,,,
,,,44448602,company_2,buyer,,,0,,,
,,,44448643,company_2,buyer,,,0,,,
,,,44447334,company_2,buyer,,,0,,,
,,,44446342,company_2,buyer,,,0,,,
,,,44440801,company_2,buyer,,,0,,,
,,,44443191,company_2,buyer,,,0,,,
,,,44440269,company_2,buyer,,,0,,,
,,,44443190,company_2,buyer,,,0,,,
,,,44442834,company_2,buyer,,,0,,,
,,,44444903,company_2,buyer,,,0,,,
,,,44441841,company_2,buyer,,,0,,,
,,,44441760,company_2,buyer,,,0,,,
,,,44444849,company_2,buyer,,,0,,,
,,,44444941,company_2,buyer,,,0,,,
,,,44445677,company_2,buyer,,,0,,,
,,,44443189,company_2,buyer,,,0,,,
,,,44441252,company_2,buyer,,,0,,,
,,,44440623,company_2,buyer,,,0,,,
,,,44442965,company_2,buyer,,,0,,,
,,,44446162,company_2,buyer,,,0,,,
,,,44445655,company_2,buyer,,,0,,,
,,,44440080,company_2,buyer,,,0,,,
,,,44442387,company_2,buyer,,,0,,,
,,,44442069,company_2,buyer,,,0,,,
,,,44449818,company_2,buyer,,,0,,,
,,,44443736,company_2,buyer,,,0,,,
,,,44449675,company_2,buyer,,,0,,,
,,,44444898,company_2,buyer,,,0,,,
,,,44441562,company_2,buyer,,,0,,,
,,,44445278,company_2,buyer,,,0,,,
,,,44447233,company_2,buyer,,,0,,,
,,,44440383,company_2,buyer,,,0,,,
,,,44445847,company_2,buyer,,,0,,,
,,,44441903,company_2,buyer,,,0,,,
,,,44444878,company_2,buyer,,,0,,,
,,,44448746,company_2,buyer,,,0,,,
,,,44447067,company_2,buyer,,,0,,,
,,,44441259,company_2,buyer,,,0,,,
,,,44440577,company_2,buyer,,,0,,,
,,,44445998,company_2,buyer,,,0,,,
,,,44442736,company_2,buyer,,,0,,,
,,,44444281,company_2,buyer,,,0,,,
,,,44447365,company_2,buyer,,,0,,,
,,,44440956,company_2,buyer,,,0,,,
,,,44441345,company_2,buyer,,,0,,,
,,,44442017,company_2,buyer,,,0,,,
,,,44449491,company_2,buyer,,,0,,,
,,,44447161,company_2,buyer,,,0,,,
,,,44443801,company_2,buyer,,,0,,,
,,,44449487,company_2,buyer,,,0,,,
,,,44443137,company_2,buyer,,,0,,,
,,,44440362,company_2,buyer,,,0,,,
,,,44443234,company_2,buyer,,,0,,,
,,,44444497,company_2,buyer,,,0,,,
,,,44440969,company_2,buyer,,,0,,,
,,,44447874,company_2,buyer,,,0,,,
,,,44440625,company_2,buyer,,,0,,,
,,,44449732,company_2,buyer,,,0,,,
,,,44442763,company_2,buyer,,,0,,,
,,,44444908,company_2,buyer,,,0,,,
,,,44446157,company_2,buyer,,,0,,,
,,,44446823,company_2,buyer,,,0,,,
,,,44448439,company_2,buyer,,,0,,,
,,,44448002,company_2,buyer,,,0,,,
,,,44444224,company_2,buyer,,,0,,,
,,,44445054,company_2,buyer,,,0,,,
,,,44445599,company_2,buyer,,,0,,,
,,,44448758,company_2,buyer,,,0,,,
,,,44447942,company_2,buyer,,,0,,,
,,,44441969,company_2,buyer,,,0,,,
,,,44441412,company_2,buyer,,,0,,,
,,,44446698,company_2,buyer,,,0,,,
,,,44445709,company_2,buyer,,,0,,,
,,,44445099,company_2,buyer,,,0,,,
,,,44443347,company_2,buyer,,,0,,,
,,,44445563,company_2,buyer,,,0,,,
,,,44448765,company_2,buyer,,,0,,,
,,,44448378,company_2,buyer,,,0,,,
,,,44447122,company_2,buyer,,,0,,,
,,,44444302,company_2,buyer,,,0,,,
,,,44445669,company_2,buyer,,,0,,,
,,,6836/27,company_3,buyer,,,0,,,
,,,6215/30,company_3,buyer,,,0,,,
,,,7567/69,company_3,buyer,,,0,,,
,,,0554/44,company_3,buyer,,,0,,,
,,,6621/86,company_3,buyer,,,0,,,
,,,6887/00,company_3,buyer,,,0,,,
,,,7199/72,company_3,buyer,,,0,,,
,,,6560/45,company_3,buyer,,,0,,,
,,,5680/01,company_3,buyer,,,0,,,
,,,7648/29,company_3,buyer,,,0,,,
,,,4203/42,company_3,buyer,,,0,,,
,,,9309/77,company_3,buyer,,,0,,,
,,,9442/80,company_3,buyer,,,0,,,
,,,4929/89,company_3,buyer,,,0,,,
,,,5468/91,company_3,buyer,,,0,,,
,,,9508/44,company_3,buyer,,,0,,,
,,,8261/92,company_3,buyer,,,0,,,
,,,2615/64,company_3,buyer,,,0,,,
,,,1071/73,company_3,buyer,,,0,,,
,,,4301/38,company_3,buyer,,,0,,,
,,,0139/30,company_3,buyer,,,0,,,
,,,4077/08,company_3,buyer,,,0,,,
,,,4403/31,company_3,buyer,,,0,,,
,,,8772/67,company_3,buyer,,,0,,,
,,,1177/05,company_3,buyer,,,0,,,
,,,2897/49,company_3,buyer,,,0,,,
,,,3100/74,company_3,buyer,,,0,,,
,,,0684/98,company_3,buyer,,,0,,,
,,,0198/03,company_3,buyer,,,0,,,
,,,3966/70,company_3,buyer,,,0,,,
,,,5456/07,company_3,buyer,,,0,,,
,,,9995/69,company_3,buyer,,,0,,,
,,,1005/90,company_3,buyer,,,0,,,
,,,7683/08,company_3,buyer,,,0,,,
,,,4503/16,company_3,buyer,,,0,,,
,,,5267/85,company_3,buyer,,,0,,,
,,,4440/54,company_3,buyer,,,0,,,
,,,1362/49,company_3,buyer,,,0,,,
,,,6431/93,company_3,buyer,,,0,,,
,,,6952/98,company_3,buyer,,,0,,,
,,,5260/12,company_3,buyer,,,0,,,
,,,8876/48,company_3,buyer,,,0,,,
,,,1224/23,company_3,buyer,,,0,,,
,,,2778/11,company_3,buyer,,,0,,,
,,,7606/31,company_3,buyer,,,0,,,
,,,8918/63,company_3,buyer,,,0,,,
,,,3029/72,company_3,buyer,,,0,,,
,,,3310/95,company_3,buyer,,,0,,,
,,,7171/77,company_3,buyer,,,0,,,
,,,0609/20,company_3,buyer,,,0,,,
,,,9895/12,company_3,buyer,,,0,,,
,,,5025/26,company_3,buyer,,,0,,,
,,,9985/82,company_3,buyer,,,0,,,
,,,8538/20,company_3,buyer,,,0,,,
,,,3478/47,company_3,buyer,,,0,,,
,,,7229/52,company_3,buyer,,,0,,,
,,,4102/11,company_3,buyer,,,0,,,
,,,9047/33,company_3,buyer,,,0,,,
,,,2668/35,company_3,buyer,,,0,,,
,,,5419/69,company_3,buyer,,,0,,,
,,,6349/10,company_3,buyer,,,0,,,
,,,8913/87,company_3,buyer,,,0,,,
,,,9522/32,company_3,buyer,,,0,,,
,,,1956/98,company_3,buyer,,,0,,,
,,,2484/76,company_3,buyer,,,0,,,
,,,6946/80,company_3,buyer,,,0,,,
,,,7969/19,company_3,buyer,,,0,,,
,,,0900/87,company_3,buyer,,,0,,,
,,,0692/69,company_3,buyer,,,0,,,
,,,4147/70,company_3,buyer,,,0,,,
,,,5503/76,company_3,buyer,,,0,,,
,,,0216/75,company_3,buyer,,,0,,,
,,,8184/22,company_3,buyer,,,0,,,
,,,6074/84,company_3,buyer,,,0,,,
,,,4138/90,company_3,buyer,,,0,,,
,,,8751/52,company_3,buyer,,,0,,,
,,,9199/06,company_3,buyer,,,0,,,
,,,5388/79,company_3,buyer,,,0,,,
,,,8260/83,company_3,buyer,,,0,,,
,,,1334/95,company_3,buyer,,,0,,,
,,,0039/08,company_3,buyer,,,0,,,
,,,2634/43,company_3,buyer,,,0,,,
,,,1045/25,company_3,buyer,,,0,,,
,,,6355/08,company_3,buyer,,,0,,,
,,,4892/95,company_3,buyer,,,0,,,
,,,2333/84,company_3,buyer,,,0,,,
,,,4624/05,company_3,buyer,,,0,,,
,,,9507/07,company_3,buyer,,,0,,,
,,,9533/55,company_3,buyer,,,0,,,
,,,7764/56,company_3,buyer,,,0,,,
,,,0558/13,company_3,buyer,,,0,,,
,,,3203/14,company_3,buyer,,,0,,,
,,,9285/39,company_3,buyer,,,0,,,
,,,4593/67,company_3,buyer,,,0,,,
,,,1497/30,company_3,buyer,,,0,,,
,,,2962/92,company_3,buyer,,,0,,,
,,,2199/58,company_3,buyer,,,0,,,
,,,0200/80,company_3,buyer,,,0,,,
,,,8561/71,company_3,buyer,,,0,,,
,,,6069/78,company_3,buyer,,,0,,,
,,,7074-T,company_4,buyer,,,0,,,
,,,4222-T,company_4,buyer,,,0,,,
,,,3065-P,company_4,buyer,,,0,,,
,,,9096-C,company_4,buyer,,,0,,,
,,,4690-E,company_4,buyer,,,0,,,
,,,9767-G,company_4,buyer,,,0,,,
,,,5935-X,company_4,buyer,,,0,,,
,,,4994-Y,company_4,buyer,,,0,,,
,,,1853-M,company_4,buyer,,,0,,,
,,,4623-G,company_4,buyer,,,0,,,
,,,8074-R,company_4,buyer,,,0,,,
,,,5867-L,company_4,buyer,,,0,,,
,,,6075-M,company_4,buyer,,,0,,,
,,,6899-O,company_4,buyer,,,0,,,
,,,7442-I,company_4,buyer,,,0,,,
,,,8907-Y,company_4,buyer,,,0,,,
,,,6339-W,company_4,buyer,,,0,,,
,,,5475-P,company_4,buyer,,,0,,,
,,,7379-D,company_4,buyer,,,0,,,
,,,1674-A,company_4,buyer,,,0,,,
,,,7048-Q,company_4,buyer,,,0,,,
,,,3367-O,company_4,buyer,,,0,,,
,,,9059-Q,company_4,buyer,,,0,,,
,,,2596-S,company_4,buyer,,,0,,,
,,,4690-U,company_4,buyer,,,0,,,
,,,0480-K,company_4,buyer,,,0,,,
,,,4309-X,company_4,buyer,,,0,,,
,,,5198-V,company_4,buyer,,,0,,,
,,,3522-D,company_4,buyer,,,0,,,
,,,0409-B,company_4,buyer,,,0,,,
,,,2601-G,company_4,buyer,,,0,,,
,,,6682-I,company_4,buyer,,,0,,,
,,,0109-U,company_4,buyer,,,0,,,
,,,2986-D,company_4,buyer,,,0,,,
,,,6600-V,company_4,buyer,,,0,,,
,,,3718-O,company_4,buyer,,,0,,,
,,,1356-M,company_4,buyer,,,0,,,
,,,8560-A,company_4,buyer,,,0,,,
,,,7239-A,company_4,buyer,,,0,,,
,,,8315-P,company_4,buyer,,,0,,,
,,,6806-S,company_4,buyer,,,0,,,
,,,8609-M,company_4,buyer,,,0,,,
,,,2435-W,company_4,buyer,,,0,,,
,,,7235-W,company_4,buyer,,,0,,,
,,,8420-Z,company_4,buyer,,,0,,,
,,,3906-T,company_4,buyer,,,0,,,
,,,4101-Q,company_4,buyer,,,0,,,
,,,4406-O,company_4,buyer,,,0,,,
,,,7490-L,company_4,buyer,,,0,,,
,,,9391-E,company_4,buyer,,,0,,,
,,,5251-Q,company_4,buyer,,,0,,,
,,,9741-C,company_4,buyer,,,0,,,
,,,6158-F,company_4,buyer,,,0,,,
,,,2388-B,company_4,buyer,,,0,,,
,,,5957-E,company_4,buyer,,,0,,,
,,,0332-N,company_4,buyer,,,0,,,
,,,1920-S,company_4,buyer,,,0,,,
,,,3312-W,company_4,buyer,,,0,,,
,,,8504-C,company_4,buyer,,,0,,,
,,,3208-L,company_4,buyer,,,0,,,
,,,7956-N,company_4,buyer,,,0,,,
,,,4128-L,company_4,buyer,,,0,,,
,,,6691-P,company_4,buyer,,,0,,,
,,,3898-W,company_4,buyer,,,0,,,
,,,0795-G,company_4,buyer,,,0,,,
,,,5154-G,company_4,buyer,,,0,,,
,,,3543-Y,company_4,buyer,,,0,,,
,,,6993-X,company_4,buyer,,,0,,,
,,,8196-M,company_4,buyer,,,0,,,
,,,1069-H,company_4,buyer,,,0,,,
,,,9164-T,company_4,buyer,,,0,,,
,,,1479-K,company_4,buyer,,,0,,,
,,,1925-Y,company_4,buyer,,,0,,,
,,,3812-F,company_4,buyer,,,0,,,
,,,9752-V,company_4,buyer,,,0,,,
,,,4043-S,company_4,buyer,,,0,,,
,,,3198-R,company_4,buyer,,,0,,,
,,,2195-R,company_4,buyer,,,0,,,
,,,2363-L,company_4,buyer,,,0,,,
,,,7005-I,company_4,buyer,,,0,,,
,,,8048-D,company_4,buyer,,,0,,,
,,,5590-O,company_4,buyer,,,0,,,
,,,9985-Z,company_4,buyer,,,0,,,
,,,6217-S,company_4,buyer,,,0,,,
,,,0638-G,company_4,buyer,,,0,,,
,,,8549-E,company_4,buyer,,,0,,,
,,,8384-X,company_4,buyer,,,0,,,
,,,5514-N,company_4,buyer,,,0,,,
,,,6305-E,company_4,buyer,,,0,,,
,,,6612-D,company_4,buyer,,,0,,,
,,,5293-M,company_4,buyer,,,0,,,
,,,8017-Z,company_4,buyer,,,0,,,
,,,3097-Y,company_4,buyer,,,0,,,
,,,9526-G,company_4,buyer,,,0,,,
,,,7803-C,company_4,buyer,,,0,,,
,,,5622-G,company_4,buyer,,,0,,,
,,,4888-E,company_4,buyer,,,0,,,
,,,9446-D,company_4,buyer,,,0,,,
,,,4063-X,company_4,buyer,,,0,,,
,,,0908-B,company_4,buyer,,,0,,,
,,,A4926,company_5,buyer,,,0,,,
,,,A1322,company_5,buyer,,,0,,,
,,,A9781,company_5,buyer,,,0,,,
,,,A7116,company_5,buyer,,,0,,,
,,,A5092,company_5,buyer,,,0,,,
,,,A9369,company_5,buyer,,,0,,,
,,,A4217,company_5,buyer,,,0,,,
,,,A2362,company_5,buyer,,,0,,,
,,,A7289,company_5,buyer,,,0,,,
,,,A3770,company_5,buyer,,,0,,,
,,,A4248,company_5,buyer,,,0,,,
,,,A2065,company_5,buyer,,,0,,,
,,,A3997,company_5,buyer,,,0,,,
,,,A5109,company_5,buyer,,,0,,,
,,,A3488,company_5,buyer,,,0,,,
,,,A5490,company_5,buyer,,,0,,,
,,,A0791,company_5,buyer,,,0,,,
,,,A3750,company_5,buyer,,,0,,,
,,,A5048,company_5,buyer,,,0,,,
,,,A7867,company_5,buyer,,,0,,,
,,,A0015,company_5,buyer,,,0,,,
,,,A3007,company_5,buyer,,,0,,,
,,,A2049,company_5,buyer,,,0,,,
,,,A2282,company_5,buyer,,,0,,,
,,,A5805,company_5,buyer,,,0,,,
,,,A6006,company_5,buyer,,,0,,,
,,,A2360,company_5,buyer,,,0,,,
,,,A0144,company_5,buyer,,,0,,,
,,,A9895,company_5,buyer,,,0,,,
,,,A7012,company_5,buyer,,,0,,,
,,,A9171,company_5,buyer,,,0,,,
,,,A0636,company_5,buyer,,,0,,,
,,,A3884,company_5,buyer,,,0,,,
,,,A2184,company_5,buyer,,,0,,,
,,,A0312,company_5,buyer,,,0,,,
,,,A6641,company_5,buyer,,,0,,,
,,,A3424,company_5,buyer,,,0,,,
,,,A5457,company_5,buyer,,,0,,,
,,,A5102,company_5,buyer,,,0,,,
,,,A4387,company_5,buyer,,,0,,,
,,,A5248,company_5,buyer,,,0,,,
,,,A8433,company_5,buyer,,,0,,,
,,,A3160,company_5,buyer,,,0,,,
,,,A0944,company_5,buyer,,,0,,,
,,,A1356,company_5,buyer,,,0,,,
,,,A2320,company_5,buyer,,,0,,,
,,,A3747,company_5,buyer,,,0,,,
,,,A5005,company_5,buyer,,,0,,,
,,,A2780,company_5,buyer,,,0,,,
,,,A3523,company_5,buyer,,,0,,,
,,,A3100,company_5,buyer,,,0,,,
,,,A0429,company_5,buyer,,,0,,,
,,,A3767,company_5,buyer,,,0,,,
,,,A3279,company_5,buyer,,,0,,,
,,,A6632,company_5,buyer,,,0,,,
,,,A1646,company_5,buyer,,,0,,,
,,,A5261,company_5,buyer,,,0,,,
,,,A4287,company_5,buyer,,,0,,,
,,,A2116,company_5,buyer,,,0,,,
,,,A5625,company_5,buyer,,,0,,,
,,,A5209,company_5,buyer,,,0,,,
,,,A4905,company_5,buyer,,,0,,,
,,,A4508,company_5,buyer,,,0,,,
,,,A1847,company_5,buyer,,,0,,,
,,,A1306,company_5,buyer,,,0,,,
,,,A1874,company_5,buyer,,,0,,,
,,,A8072,company_5,buyer,,,0,,,
,,,A2288,company_5,buyer,,,0,,,
,,,A0787,company_5,buyer,,,0,,,
,,,A7264,company_5,buyer,,,0,,,
,,,A2099,company_5,buyer,,,0,,,
,,,A6039,company_5,buyer,,,0,,,
,,,A4886,company_5,buyer,,,0,,,
,,,A5047,company_5,buyer,,,0,,,
,,,A6784,company_5,buyer,,,0,,,
,,,A2769,company_5,buyer,,,0,,,
,,,A9823,company_5,buyer,,,0,,,
,,,A6191,company_5,buyer,,,0,,,
,,,A8797,company_5,buyer,,,0,,,
,,,A4570,company_5,buyer,,,0,,,
,,,A0755,company_5,buyer,,,0,,,
,,,A3239,company_5,buyer,,,0,,,
,,,A4242,company_5,buyer,,,0,,,
,,,A8803,company_5,buyer,,,0,,,
,,,A8501,company_5,buyer,,,0,,,
,,,A1782,company_5,buyer,,,0,,,
,,,A1310,company_5,buyer,,,0,,,
,,,A3651,company_5,buyer,,,0,,,
,,,A0226,company_5,buyer,,,0,,,
,,,A3023,company_5,buyer,,,0,,,
,,,A9517,company_5,buyer,,,0,,,
,,,A2076,company_5,buyer,,,0,,,
,,,A2551,company_5,buyer,,,0,,,
,,,A7375,company_5,buyer,,,0,,,
,,,A5862,company_5,buyer,,,0,,,
,,,A2564,company_5,buyer,,,0,,,
,,,A2438,company_5,buyer,,,0,,,
,,,A7745,company_5,buyer,,,0,,,
,,,A3380,company_5,buyer,,,0,,,
,,,A0930,company_5,buyer,,,0,,,
,,,SNM/YZ-LSGW/A-18,company_6,buyer,,,0,,,
,,,XTJ/OS-HEOK/F-90,company_6,buyer,,,0,,,
,,,BSX/JW-TKIB/L-65,company_6,buyer,,,0,,,
,,,HRO/QE-RLQP/R-47,company_6,buyer,,,0,,,
,,,THA/MF-AXTP/R-71,company_6,buyer,,,0,,,
,,,SBV/OT-TJRW/J-84,company_6,buyer,,,0,,,
,,,VAJ/FD-RJKA/Z-46,company_6,buyer,,,0,,,
,,,WER/AL-XIJL/P-05,company_6,buyer,,,0,,,
,,,SOG/HC-LPUZ/T-33,company_6,buyer,,,0,,,
,,,KRR/FP-PKHJ/I-44,company_6,buyer,,,0,,,
,,,ZTS/LX-SUED/F-44,company_6,buyer,,,0,,,
,,,TAJ/ZU-XTTP/B-69,company_6,buyer,,,0,,,
,,,ZUQ/NQ-CVKP/H-71,company_6,buyer,,,0,,,
,,,YQQ/GV-YZDA/T-73,company_6,buyer,,,0,,,
,,,KFJ/LG-UOZK/D-78,company_6,buyer,,,0,,,
,,,JTB/SZ-XFRC/L-45,company_6,buyer,,,0,,,
,,,QXF/SK-NXYU/T-98,company_6,buyer,,,0,,,
,,,HTI/YM-SLXC/G-01,company_6,buyer,,,0,,,
,,,YUB/IW-PFQF/N-93,company_6,buyer,,,0,,,
,,,XSQ/HH-RELG/G-45,company_6,buyer,,,0,,,
,,,ABA/WQ-DBWG/A-09,company_6,buyer,,,0,,,
,,,FTE/BU-UESN/H-26,company_6,buyer,,,0,,,
,,,WHU/NT-XNOC/E-96,company_6,buyer,,,0,,,
,,,REK/PS-UECB/P-03,company_6,buyer,,,0,,,
,,,PGV/DB-MFVB/K-94,company_6,buyer,,,0,,,
,,,PVC/JL-DCUQ/Z-52,company_6,buyer,,,0,,,
,,,RQI/EK-FPOG/V-09,company_6,buyer,,,0,,,
,,,DMM/KV-WGSN/X-95,company_6,buyer,,,0,,,
,,,ZFR/XV-UAQN/J-08,company_6,buyer,,,0,,,
,,,KJS/CK-DIPI/K-77,company_6,buyer,,,0,,,
,,,EKA/VQ-HPLQ/N-02,company_6,buyer,,,0,,,
,,,VTM/ZW-XFVT/K-16,company_6,buyer,,,0,,,
,,,XZH/XS-SFYE/O-09,company_6,buyer,,,0,,,
,,,AMW/VO-IFBX/H-96,company_6,buyer,,,0,,,
,,,JJA/RP-EWHR/E-36,company_6,buyer,,,0,,,
,,,SRF/CF-GTXM/F-07,company_6,buyer,,,0,,,
,,,GCT/UE-SIAH/R-72,company_6,buyer,,,0,,,
,,,DDZ/GM-KBKV/F-89,company_6,buyer,,,0,,,
,,,QCU/TN-UTHJ/P-25,company_6,buyer,,,0,,,
,,,PFY/SE-EHVA/A-14,company_6,buyer,,,0,,,
,,,NOF/EF-WPOK/I-12,company_6,buyer,,,0,,,
,,,VYS/RK-GQAF/Z-90,company_6,buyer,,,0,,,
,,,RPM/FV-HSMK/H-71,company_6,buyer,,,0,,,
,,,XZX/ND-XFNQ/J-10,company_6,buyer,,,0,,,
,,,VUX/QZ-PDLU/C-93,company_6,buyer,,,0,,,
,,,NKI/WI-OEYQ/M-11,company_6,buyer,,,0,,,
,,,NTC/JS-XGYL/B-25,company_6,buyer,,,0,,,
,,,ORZ/UE-ZLQP/W-26,company_6,buyer,,,0,,,
,,,PXD/KY-NMYO/H-45,company_6,buyer,,,0,,,
,,,GBL/AZ-GDHJ/V-82,company_6,buyer,,,0,,,
,,,TCM/NB-QFYF/N-36,company_6,buyer,,,0,,,
,,,HKR/RR-JLFI/J-96,company_6,buyer,,,0,,,
,,,UFU/EY-TJUT/Z-69,company_6,buyer,,,0,,,
,,,DCL/DB-VSJN/C-29,company_6,buyer,,,0,,,
,,,MGQ/XI-JPNG/B-83,company_6,buyer,,,0,,,
,,,TTO/ZV-ZTNQ/S-29,company_6,buyer,,,0,,,
,,,XCM/GU-PTED/X-55,company_6,buyer,,,0,,,
,,,VPH/GR-CTVU/F-37,company_6,buyer,,,0,,,
,,,IQJ/PC-MCWZ/S-97,company_6,buyer,,,0,,,
,,,JTS/JX-ROXP/B-87,company_6,buyer,,,0,,,
,,,IYI/WX-SINC/K-58,company_6,buyer,,,0,,,
,,,YIB/GQ-CPIY/I-16,company_6,buyer,,,0,,,
,,,XYJ/VA-UVQX/W-86,company_6,buyer,,,0,,,
,,,BAU/ZH-SGTV/U-38,company_6,buyer,,,0,,,
,,,GNQ/JE-HXRD/H-55,company_6,buyer,,,0,,,
,,,LPU/LX-KIJA/P-02,company_6,buyer,,,0,,,
,,,OXX/UI-ZZIR/O-89,company_6,buyer,,,0,,,
,,,JFA/LT-VUJG/H-70,company_6,buyer,,,0,,,
,,,SJW/WE-FRFL/X-75,company_6,buyer,,,0,,,
,,,ZZC/QJ-KANM/F-24,company_6,buyer,,,0,,,
,,,PSN/DQ-XTDK/T-56,company_6,buyer,,,0,,,
,,,OWR/MZ-VBEJ/A-97,company_6,buyer,,,0,,,
,,,JWP/ZK-ACTX/Z-99,company_6,buyer,,,0,,,
,,,CLB/IL-GFBM/Y-19,company_6,buyer,,,0,,,
,,,RXL/AN-LYVE/X-17,company_6,buyer,,,0,,,
,,,JZX/XL-NCVZ/O-00,company_6,buyer,,,0,,,
,,,VZW/KY-NPFP/P-07,company_6,buyer,,,0,,,
,,,TOY/DV-POPU/Z-13,company_6,buyer,,,0,,,
,,,SPK/SF-SXUK/B-99,company_6,buyer,,,0,,,
,,,LHS/WV-FCGK/W-87,company_6,buyer,,,0,,,
,,,QVK/EG-VHRN/E-10,company_6,buyer,,,0,,,
,,,KQE/EN-BMMJ/F-84,company_6,buyer,,,0,,,
,,,BMU/OD-PIJQ/V-20,company_6,buyer,,,0,,,
,,,PRG/WQ-YRCC/R-83,company_6,buyer,,,0,,,
,,,RCL/SB-SAUM/L-11,company_6,buyer,,,0,,,
,,,IIC/ZR-JHBQ/X-09,company_6,buyer,,,0,,,
,,,ZFC/AL-YGIX/S-45,company_6,buyer,,,0,,,
,,,QEK/WZ-UOXU/C-03,company_6,buyer,,,0,,,
,,,RWD/VU-BVNU/H-18,company_6,buyer,,,0,,,
,,,VCZ/IV-OCQU/Q-56,company_6,buyer,,,0,,,
,,,ODZ/SP-KWOX/B-04,company_6,buyer,,,0,,,
,,,BHQ/DF-BTPD/Y-12,company_6,buyer,,,0,,,
,,,JQR/OX-LMHY/V-04,company_6,buyer,,,0,,,
,,,KWX/NY-MEOG/P-24,company_6,buyer,,,0,,,
,,,AWT/HX-XOWQ/P-16,company_6,buyer,,,0,,,
,,,LSH/LK-WBZU/Z-20,company_6,buyer,,,0,,,
,,,LWC/PQ-AISP/I-23,company_6,buyer,,,0,,,
,,,WWW/MW-KKOM/Q-71,company_6,buyer,,,0,,,
,,,CZY/ZY-UYDJ/X-73,company_6,buyer,,,0,,,
,,,KEV/PJ-AVBY/G-95,company_6,buyer,,,0,,,
,,,KCCCI027779-763,company_7,buyer,,,0,,,
,,,KCCCI322647-562,company_7,buyer,,,0,,,
,,,KCCCI759062-166,company_7,buyer,,,0,,,
,,,KCCCI505849-647,company_7,buyer,,,0,,,
,,,KCCCI518317-794,company_7,buyer,,,0,,,
,,,KCCCI662482-291,company_7,buyer,,,0,,,
,,,KCCCI371284-651,company_7,buyer,,,0,,,
,,,KCCCI876172-446,company_7,buyer,,,0,,,
,,,KCCCI422589-268,company_7,buyer,,,0,,,
,,,KCCCI106846-257,company_7,buyer,,,0,,,
,,,KCCCI900604-374,company_7,buyer,,,0,,,
,,,KCCCI392128-746,company_7,buyer,,,0,,,
,,,KCCCI520623-197,company_7,buyer,,,0,,,
,,,KCCCI424393-934,company_7,buyer,,,0,,,
,,,KCCCI872613-171,company_7,buyer,,,0,,,
,,,KCCCI346846-785,company_7,buyer,,,0,,,
,,,KCCCI398933-175,company_7,buyer,,,0,,,
,,,KCCCI566564-973,company_7,buyer,,,0,,,
,,,KCCCI221875-068,company_7,buyer,,,0,,,
,,,KCCCI465517-222,company_7,buyer,,,0,,,
,,,KCCCI858390-298,company_7,buyer,,,0,,,
,,,KCCCI089253-305,company_7,buyer,,,0,,,
,,,KCCCI975493-915,company_7,buyer,,,0,,,
,,,KCCCI196910-794,company_7,buyer,,,0,,,
,,,KCCCI206009-327,company_7,buyer,,,0,,,
,,,KCCCI178682-943,company_7,buyer,,,0,,,
,,,KCCCI574552-373,company_7,buyer,,,0,,,
,,,KCCCI555592-341,company_7,buyer,,,0,,,
,,,KCCCI572073-264,company_7,buyer,,,0,,,
,,,KCCCI903910-175,company_7,buyer,,,0,,,
,,,KCCCI789854-294,company_7,buyer,,,0,,,
,,,KCCCI745940-636,company_7,buyer,,,0,,,
,,,KCCCI470628-931,company_7,buyer,,,0,,,
,,,KCCCI023721-486,company_7,buyer,,,0,,,
,,,KCCCI930058-797,company_7,buyer,,,0,,,
,,,KCCCI041948-479,company_7,buyer,,,0,,,
,,,KCCCI063800-580,company_7,buyer,,,0,,,
,,,KCCCI487655-064,company_7,buyer,,,0,,,
,,,KCCCI495542-970,company_7,buyer,,,0,,,
,,,KCCCI649783-564,company_7,buyer,,,0,,,
,,,KCCCI712830-219,company_7,buyer,,,0,,,
,,,KCCCI401454-303,company_7,buyer,,,0,,,
,,,KCCCI348472-103,company_7,buyer,,,0,,,
,,,KCCCI123266-906,company_7,buyer,,,0,,,
,,,KCCCI789846-741,company_7,buyer,,,0,,,
,,,KCCCI768588-593,company_7,buyer,,,0,,,
,,,KCCCI982703-145,company_7,buyer,,,0,,,
,,,KCCCI562817-297,company_7,buyer,,,0,,,
,,,KCCCI331229-115,company_7,buyer,,,0,,,
,,,KCCCI084525-498,company_7,buyer,,,0,,,
,,,KCCCI527570-385,company_7,buyer,,,0,,,
,,,KCCCI142464-610,company_7,buyer,,,0,,,
,,,KCCCI450354-169,company_7,buyer,,,0,,,
,,,KCCCI406532-109,company_7,buyer,,,0,,,
,,,KCCCI576298-767,company_7,buyer,,,0,,,
,,,KCCCI820495-177,company_7,buyer,,,0,,,
,,,KCCCI218065-787,company_7,buyer,,,0,,,
,,,KCCCI575618-392,company_7,buyer,,,0,,,
,,,KCCCI648164-261,company_7,buyer,,,0,,,
,,,KCCCI219095-704,company_7,buyer,,,0,,,
,,,KCCCI978069-996,company_7,buyer,,,0,,,
,,,KCCCI656861-050,company_7,buyer,,,0,,,
,,,KCCCI763157-151,company_7,buyer,,,0,,,
,,,KCCCI059356-065,company_7,buyer,,,0,,,
,,,KCCCI499113-591,company_7,buyer,,,0,,,
,,,KCCCI894972-576,company_7,buyer,,,0,,,
,,,KCCCI181282-456,company_7,buyer,,,0,,,
,,,KCCCI014891-255,company_7,buyer,,,0,,,
,,,KCCCI689888-555,company_7,buyer,,,0,,,
,,,KCCCI728281-114,company_7,buyer,,,0,,,
,,,KCCCI960038-875,company_7,buyer,,,0,,,
,,,KCCCI945071-140,company_7,buyer,,,0,,,
,,,KCCCI774169-389,company_7,buyer,,,0,,,
,,,KCCCI129786-379,company_7,buyer,,,0,,,
,,,KCCCI546366-308,company_7,buyer,,,0,,,
,,,KCCCI523557-029,company_7,buyer,,,0,,,
,,,KCCCI615813-969,company_7,buyer,,,0,,,
,,,KCCCI997178-653,company_7,buyer,,,0,,,
,,,KCCCI010650-398,company_7,buyer,,,0,,,
,,,KCCCI004447-432,company_7,buyer,,,0,,,
,,,KCCCI661928-981,company_7,buyer,,,0,,,
,,,KCCCI650163-315,company_7,buyer,,,0,,,
,,,KCCCI183508-372,company_7,buyer,,,0,,,
,,,KCCCI050753-330,company_7,buyer,,,0,,,
,,,KCCCI803303-744,company_7,buyer,,,0,,,
,,,KCCCI126805-069,company_7,buyer,,,0,,,
,,,KCCCI938839-313,company_7,buyer,,,0,,,
,,,KCCCI525169-397,company_7,buyer,,,0,,,
,,,KCCCI448875-906,company_7,buyer,,,0,,,
,,,KCCCI118035-649,company_7,buyer,,,0,,,
,,,KCCCI483768-061,company_7,buyer,,,0,,,
,,,KCCCI185325-035,company_7,buyer,,,0,,,
,,,KCCCI494490-792,company_7,buyer,,,0,,,
,,,KCCCI755054-672,company_7,buyer,,,0,,,
,,,KCCCI427825-605,company_7,buyer,,,0,,,
,,,KCCCI540020-435,company_7,buyer,,,0,,,
,,,KCCCI371656-373,company_7,buyer,,,0,,,
,,,KCCCI909370-747,company_7,buyer,,,0,,,
,,,KCCCI715197-434,company_7,buyer,,,0,,,
,,,KCCCI192839-146,company_7,buyer,,,0,,,
,,,K672,company_8,buyer,,,0,,,
,,,S351,company_8,buyer,,,0,,,
,,,L491,company_8,buyer,,,0,,,
,,,F681,company_8,buyer,,,0,,,
,,,L002,company_8,buyer,,,0,,,
,,,O458,company_8,buyer,,,0,,,
,,,E673,company_8,buyer,,,0,,,
,,,C749,company_8,buyer,,,0,,,
,,,X558,company_8,buyer,,,0,,,
,,,X858,company_8,buyer,,,0,,,
,,,O146,company_8,buyer,,,0,,,
,,,H201,company_8,buyer,,,0,,,
,,,S540,company_8,buyer,,,0,,,
,,,B165,company_8,buyer,,,0,,,
,,,Y512,company_8,buyer,,,0,,,
,,,V329,company_8,buyer,,,0,,,
,,,W874,company_8,buyer,,,0,,,
,,,J914,company_8,buyer,,,0,,,
,,,W078,company_8,buyer,,,0,,,
,,,S858,company_8,buyer,,,0,,,
,,,W783,company_8,buyer,,,0,,,
,,,S043,company_8,buyer,,,0,,,
,,,N100,company_8,buyer,,,0,,,
,,,E588,company_8,buyer,,,0,,,
,,,S236,company_8,buyer,,,0,,,
,,,X175,company_8,buyer,,,0,,,
,,,A361,company_8,buyer,,,0,,,
,,,S438,company_8,buyer,,,0,,,
,,,I373,company_8,buyer,,,0,,,
,,,C267,company_8,buyer,,,0,,,
,,,C593,company_8,buyer,,,0,,,
,,,R912,company_8,buyer,,,0,,,
,,,C069,company_8,buyer,,,0,,,
,,,I243,company_8,buyer,,,0,,,
,,,X340,company_8,buyer,,,0,,,
,,,B303,company_8,buyer,,,0,,,
,,,H241,company_8,buyer,,,0,,,
,,,Z255,company_8,buyer,,,0,,,
,,,T680,company_8,buyer,,,0,,,
,,,Q523,company_8,buyer,,,0,,,
,,,D206,company_8,buyer,,,0,,,
,,,D981,company_8,buyer,,,0,,,
,,,B569,company_8,buyer,,,0,,,
,,,Y721,company_8,buyer,,,0,,,
,,,C164,company_8,buyer,,,0,,,
,,,D878,company_8,buyer,,,0,,,
,,,R070,company_8,buyer,,,0,,,
,,,F974,company_8,buyer,,,0,,,
,,,U713,company_8,buyer,,,0,,,
,,,E910,company_8,buyer,,,0,,,
,,,X792,company_8,buyer,,,0,,,
,,,S059,company_8,buyer,,,0,,,
,,,U103,company_8,buyer,,,0,,,
,,,M777,company_8,buyer,,,0,,,
,,,Y615,company_8,buyer,,,0,,,
,,,I299,company_8,buyer,,,0,,,
,,,L476,company_8,buyer,,,0,,,
,,,C925,company_8,buyer,,,0,,,
,,,M053,company_8,buyer,,,0,,,
,,,G699,company_8,buyer,,,0,,,
,,,O611,company_8,buyer,,,0,,,
,,,E580,company_8,buyer,,,0,,,
,,,D635,company_8,buyer,,,0,,,
,,,D687,company_8,buyer,,,0,,,
,,,U370,company_8,buyer,,,0,,,
,,,O445,company_8,buyer,,,0,,,
,,,K714,company_8,buyer,,,0,,,
,,,J804,company_8,buyer,,,0,,,
,,,B235,company_8,buyer,,,0,,,
,,,F911,company_8,buyer,,,0,,,
,,,K429,company_8,buyer,,,0,,,
,,,O771,company_8,buyer,,,0,,,
,,,W030,company_8,buyer,,,0,,,
,,,W717,company_8,buyer,,,0,,,
,,,A108,company_8,buyer,,,0,,,
,,,N450,company_8,buyer,,,0,,,
,,,L541,company_8,buyer,,,0,,,
,,,G163,company_8,buyer,,,0,,,
,,,X529,company_8,buyer,,,0,,,
,,,D938,company_8,buyer,,,0,,,
,,,R069,company_8,buyer,,,0,,,
,,,Z513,company_8,buyer,,,0,,,
,,,W803,company_8,buyer,,,0,,,
,,,V685,company_8,buyer,,,0,,,
,,,B445,company_8,buyer,,,0,,,
,,,Q876,company_8,buyer,,,0,,,
,,,F926,company_8,buyer,,,0,,,
,,,A858,company_8,buyer,,,0,,,
,,,M258,company_8,buyer,,,0,,,
,,,Q132,company_8,buyer,,,0,,,
,,,I373,company_8,buyer,,,0,,,
,,,E561,company_8,buyer,,,0,,,
,,,X782,company_8,buyer,,,0,,,
,,,O639,company_8,buyer,,,0,,,
,,,G958,company_8,buyer,,,0,,,
,,,N461,company_8,buyer,,,0,,,
,,,W651,company_8,buyer,,,0,,,
,,,S128,company_8,buyer,,,0,,,
,,,P522,company_8,buyer,,,0,,,
,,,U423,company_8,buyer,,,0,,,
,,,WWJ4620,company_9,buyer,,,0,,,
,,,HGN1648,company_9,buyer,,,0,,,
,,,EXU0058,company_9,buyer,,,0,,,
,,,BMA7991,company_9,buyer,,,0,,,
,,,XRX6901,company_9,buyer,,,0,,,
,,,WXZ5309,company_9,buyer,,,0,,,
,,,TXE1930,company_9,buyer,,,0,,,
,,,HTI4500,company_9,buyer,,,0,,,
,,,HQR0644,company_9,buyer,,,0,,,
,,,PMK2637,company_9,buyer,,,0,,,
,,,CNU6265,company_9,buyer,,,0,,,
,,,ODZ7682,company_9,buyer,,,0,,,
,,,QZX6897,company_9,buyer,,,0,,,
,,,BNK0136,company_9,buyer,,,0,,,
,,,RTR8675,company_9,buyer,,,0,,,
,,,KTK1778,company_9,buyer,,,0,,,
,,,FPG3986,company_9,buyer,,,0,,,
,,,XCA8438,company_9,buyer,,,0,,,
,,,LVL6655,company_9,buyer,,,0,,,
,,,SCD4458,company_9,buyer,,,0,,,
,,,KPN6268,company_9,buyer,,,0,,,
,,,ZUG4979,company_9,buyer,,,0,,,
,,,PDO6914,company_9,buyer,,,0,,,
,,,TLN5520,company_9,buyer,,,0,,,
,,,ZHA5677,company_9,buyer,,,0,,,
,,,PII1520,company_9,buyer,,,0,,,
,,,XUE8898,company_9,buyer,,,0,,,
,,,BPM8872,company_9,buyer,,,0,,,
,,,BBF4738,company_9,buyer,,,0,,,
,,,AWD5120,company_9,buyer,,,0,,,
,,,PBO9481,company_9,buyer,,,0,,,
,,,HZI3341,company_9,buyer,,,0,,,
,,,YYA9453,company_9,buyer,,,0,,,
,,,UTK1450,company_9,buyer,,,0,,,
,,,LHB2180,company_9,buyer,,,0,,,
,,,XXK5315,company_9,buyer,,,0,,,
,,,FSK4808,company_9,buyer,,,0,,,
,,,VXU4104,company_9,buyer,,,0,,,
,,,XUT1782,company_9,buyer,,,0,,,
,,,QWX2911,company_9,buyer,,,0,,,
,,,TBO7474,company_9,buyer,,,0,,,
,,,NRY2897,company_9,buyer,,,0,,,
,,,LFU6004,company_9,buyer,,,0,,,
,,,PCD7024,company_9,buyer,,,0,,,
,,,OBF8912,company_9,buyer,,,0,,,
,,,MKS5789,company_9,buyer,,,0,,,
,,,KAN6365,company_9,buyer,,,0,,,
,,,EDE9218,company_9,buyer,,,0,,,
,,,EJI3327,company_9,buyer,,,0,,,
,,,ZUD4363,company_9,buyer,,,0,,,
,,,NZG7333,company_9,buyer,,,0,,,
,,,GCM6984,company_9,buyer,,,0,,,
,,,EXJ2059,company_9,buyer,,,0,,,
,,,ELB1442,company_9,buyer,,,0,,,
,,,IHW1588,company_9,buyer,,,0,,,
,,,BIR3484,company_9,buyer,,,0,,,
,,,PPN2196,company_9,buyer,,,0,,,
,,,KHA8383,company_9,buyer,,,0,,,
,,,XQS1548,company_9,buyer,,,0,,,
,,,AID1803,company_9,buyer,,,0,,,
,,,OXA3930,company_9,buyer,,,0,,,
,,,NYH3255,company_9,buyer,,,0,,,
,,,OMK2124,company_9,buyer,,,0,,,
,,,SQW3425,company_9,buyer,,,0,,,
,,,LXM3856,company_9,buyer,,,0,,,
,,,AQI0454,company_9,buyer,,,0,,,
,,,KRV7523,company_9,buyer,,,0,,,
,,,BEJ2781,company_9,buyer,,,0,,,
,,,NSG9063,company_9,buyer,,,0,,,
,,,LMM4567,company_9,buyer,,,0,,,
,,,SGS9961,company_9,buyer,,,0,,,
,,,XAE2084,company_9,buyer,,,0,,,
,,,HFL6929,company_9,buyer,,,0,,,
,,,DPQ7866,company_9,buyer,,,0,,,
,,,WEG7927,company_9,buyer,,,0,,,
,,,UXX7537,company_9,buyer,,,0,,,
,,,VXT9706,company_9,buyer,,,0,,,
,,,ETW2194,company_9,buyer,,,0,,,
,,,FAD7542,company_9,buyer,,,0,,,
,,,KRO2708,company_9,buyer,,,0,,,
,,,XUE9176,company_9,buyer,,,0,,,
,,,ZCQ5238,company_9,buyer,,,0,,,
,,,LDJ4452,company_9,buyer,,,0,,,
,,,HYO6599,company_9,buyer,,,0,,,
,,,LAJ2789,company_9,buyer,,,0,,,
,,,YIM3155,company_9,buyer,,,0,,,
,,,VZX2411,company_9,buyer,,,0,,,
,,,SFZ3636,company_9,buyer,,,0,,,
,,,DSI6881,company_9,buyer,,,0,,,
,,,WSK9818,company_9,buyer,,,0,,,
,,,SBN3593,company_9,buyer,,,0,,,
,,,QUU7344,company_9,buyer,,,0,,,
,,,CZX2546,company_9,buyer,,,0,,,
,,,QBX0158,company_9,buyer,,,0,,,
,,,JDS4932,company_9,buyer,,,0,,,
,,,LCQ5111,company_9,buyer,,,0,,,
,,,HFT3482,company_9,buyer,,,0,,,
,,,KXF9517,company_9,buyer,,,0,,,
,,,ZQQ1483,company_9,buyer,,,0,,,
,,,OJR6294,company_9,buyer,,,0,,,
,,,LJMNJT9538,company_10,buyer,,,0,,,
,,,Z7709,company_10,buyer,,,0,,,
,,,JB4424,company_10,buyer,,,0,,,
,,,LQTR8418,company_10,buyer,,,0,,,
,,,G0942,company_10,buyer,,,0,,,
,,,DILAI6375,company_10,buyer,,,0,,,
,,,NER7647,company_10,buyer,,,0,,,
,,,LFOO7927,company_10,buyer,,,0,,,
,,,NRMI0803,company_10,buyer,,,0,,,
,,,AKJGU7462,company_10,buyer,,,0,,,
,,,VCT2337,company_10,buyer,,,0,,,
,,,FZZGQO8158,company_10,buyer,,,0,,,
,,,AV6203,company_10,buyer,,,0,,,
,,,ULVD6931,company_10,buyer,,,0,,,
,,,ENVI0229,company_10,buyer,,,0,,,
,,,OK7785,company_10,buyer,,,0,,,
,,,YCNP2185,company_10,buyer,,,0,,,
,,,E6605,company_10,buyer,,,0,,,
,,,O8430,company_10,buyer,,,0,,,
,,,Q8312,company_10,buyer,,,0,,,
,,,X8175,company_10,buyer,,,0,,,
,,,Q6180,company_10,buyer,,,0,,,
,,,VOKICD6613,company_10,buyer,,,0,,,
,,,E7297,company_10,buyer,,,0,,,
,,,N9501,company_10,buyer,,,0,,,
,,,NYWYJ2786,company_10,buyer,,,0,,,
,,,C4296,company_10,buyer,,,0,,,
,,,O1103,company_10,buyer,,,0,,,
,,,FTYNYP1042,company_10,buyer,,,0,,,
,,,KS4204,company_10,buyer,,,0,,,
,,,MFP5477,company_10,buyer,,,0,,,
,,,E6817,company_10,buyer,,,0,,,
,,,XHGLGQ5882,company_10,buyer,,,0,,,
,,,UZ7394,company_10,buyer,,,0,,,
,,,KJ4854,company_10,buyer,,,0,,,
,,,X7431,company_10,buyer,,,0,,,
,,,WYB6237,company_10,buyer,,,0,,,
,,,VNSDTK8939,company_10,buyer,,,0,,,
,,,PRIOF6681,company_10,buyer,,,0,,,
,,,S9436,company_10,buyer,,,0,,,
,,,OI0820,company_10,buyer,,,0,,,
,,,K2058,company_10,buyer,,,0,,,
,,,X6986,company_10,buyer,,,0,,,
,,,I2562,company_10,buyer,,,0,,,
,,,Z0807,company_10,buyer,,,0,,,
,,,NWYN8432,company_10,buyer,,,0,,,
,,,BSW1056,company_10,buyer,,,0,,,
,,,PX6146,company_10,buyer,,,0,,,
,,,I4729,company_10,buyer,,,0,,,
,,,NPJ7085,company_10,buyer,,,0,,,
,,,UJMA4212,company_10,buyer,,,0,,,
,,,KZ7509,company_10,buyer,,,0,,,
,,,P9786,company_10,buyer,,,0,,,
,,,WIDZB9543,company_10,buyer,,,0,,,
,,,UNGBOZ1373,company_10,buyer,,,0,,,
,,,LISO9263,company_10,buyer,,,0,,,
,,,E1397,company_10,buyer,,,0,,,
,,,LBYN4550,company_10,buyer,,,0,,,
,,,UXUOJU8611,company_10,buyer,,,0,,,
,,,ZNM6173,company_10,buyer,,,0,,,
,,,SULT6657,company_10,buyer,,,0,,,
,,,N6716,company_10,buyer,,,0,,,
,,,YF4021,company_10,buyer,,,0,,,
,,,Z6866,company_10,buyer,,,0,,,
,,,CWWC1671,company_10,buyer,,,0,,,
,,,ZBI5850,company_10,buyer,,,0,,,
,,,PP2180,company_10,buyer,,,0,,,
,,,N9032,company_10,buyer,,,0,,,
,,,LRJNBQ8549,company_10,buyer,,,0,,,
,,,HINDE0329,company_10,buyer,,,0,,,
,,,JO5704,company_10,buyer,,,0,,,
,,,DWM8248,company_10,buyer,,,0,,,
,,,LJVSAQ5294,company_10,buyer,,,0,,,
,,,TU1227,company_10,buyer,,,0,,,
,,,SZ7294,company_10,buyer,,,0,,,
,,,QJKXQC1252,company_10,buyer,,,0,,,
,,,HWM7272,company_10,buyer,,,0,,,
,,,W1467,company_10,buyer,,,0,,,
,,,P5488,company_10,buyer,,,0,,,
,,,FBBPLH0454,company_10,buyer,,,0,,,
,,,FUZMYO6048,company_10,buyer,,,0,,,
,,,WPHIPJ6299,company_10,buyer,,,0,,,
,,,WBHGG4803,company_10,buyer,,,0,,,
,,,ND0933,company_10,buyer,,,0,,,
,,,X3294,company_10,buyer,,,0,,,
,,,VF1264,company_10,buyer,,,0,,,
,,,LNCBNM7487,company_10,buyer,,,0,,,
,,,ED4043,company_10,buyer,,,0,,,
,,,PZFPO8179,company_10,buyer,,,0,,,
,,,GQE9061,company_10,buyer,,,0,,,
,,,QOI2252,company_10,buyer,,,0,,,
,,,DYI5112,company_10,buyer,,,0,,,
,,,L6416,company_10,buyer,,,0,,,
,,,PWE7056,company_10,buyer,,,0,,,
,,,CAGGBV6209,company_10,buyer,,,0,,,
,,,ZLM4357,company_10,buyer,,,0,,,
,,,WFFNA5929,company_10,buyer,,,0,,,
,,,TNC6974,company_10,buyer,,,0,,,
,,,WDGGD8291,company_10,buyer,,,0,,,
,,,MFUOH9875,company_10,buyer,,,0,,,
,,,FO5599QRUAZR,company_11,buyer,,,0,,,
,,,P6390BDWV,company_11,buyer,,,0,,,
,,,YIAS1929OBZPGG,company_11,buyer,,,0,,,
,,,NVNF7145D,company_11,buyer,,,0,,,
,,,NOE2242USJSDR,company_11,buyer,,,0,,,
,,,KPI1533YZ,company_11,buyer,,,0,,,
,,,QIQPKD6103MKPX,company_11,buyer,,,0,,,
,,,MQSVJ6158ANRTLN,company_11,buyer,,,0,,,
,,,RLAPPO3744EJXAN,company_11,buyer,,,0,,,
,,,Y5588EAI,company_11,buyer,,,0,,,
,,,KCHS1841CBLCGD,company_11,buyer,,,0,,,
,,,VB4608X,company_11,buyer,,,0,,,
,,,YHHA9687MPRDP,company_11,buyer,,,0,,,
,,,UBLC4576OSMPZA,company_11,buyer,,,0,,,
,,,ES6046NPFZJ,company_11,buyer,,,0,,,
,,,MDQMW5592PNVPPS,company_11,buyer,,,0,,,
,,,AEV6881NBQ,company_11,buyer,,,0,,,
,,,H2571NQDZY,company_11,buyer,,,0,,,
,,,AFJ5101ROGP,company_11,buyer,,,0,,,
,,,JXQPKO7692X,company_11,buyer,,,0,,,
,,,HPIOKF3549DQ,company_11,buyer,,,0,,,
,,,RVS7376WTC,company_11,buyer,,,0,,,
,,,BKV8881NMXZ,company_11,buyer,,,0,,,
,,,DK5033TPD,company_11,buyer,,,0,,,
,,,AMXLD9211JEHKCQ,company_11,buyer,,,0,,,
,,,AXY9619F,company_11,buyer,,,0,,,
,,,A9497BM,company_11,buyer,,,0,,,
,,,FTFAQL2515XQ,company_11,buyer,,,0,,,
,,,ZYG1464PFUBLK,company_11,buyer,,,0,,,
,,,TZ1748JN,company_11,buyer,,,0,,,
,,,VFA8160H,company_11,buyer,,,0,,,
,,,YZTL6041JHSE,company_11,buyer,,,0,,,
,,,CR9006GLX,company_11,buyer,,,0,,,
,,,OZ1061QMCU,company_11,buyer,,,0,,,
,,,SV1174XLIGPF,company_11,buyer,,,0,,,
,,,W9984OPY,company_11,buyer,,,0,,,
,,,VANG3006UG,company_11,buyer,,,0,,,
,,,VGIX8928EXM,company_11,buyer,,,0,,,
,,,YFE6838NGZM,company_11,buyer,,,0,,,
,,,C8406NOVRJ,company_11,buyer,,,0,,,
,,,SQ9462QZEUJR,company_11,buyer,,,0,,,
,,,TECUY1444C,company_11,buyer,,,0,,,
,,,UZXX1826NPZKE,company_11,buyer,,,0,,,
,,,W6187ZP,company_11,buyer,,,0,,,
,,,NEN9125T,company_11,buyer,,,0,,,
,,,JJJL2218CW,company_11,buyer,,,0,,,
,,,ZES0101QSDXK,company_11,buyer,,,0,,,
,,,ZRROG2491EONNRM,company_11,buyer,,,0,,,
,,,YEKFE5287ENVLA,company_11,buyer,,,0,,,
,,,QXHTV6325UZUWIN,company_11,buyer,,,0,,,
,,,GM8510XXQEUY,company_11,buyer,,,0,,,
,,,UBK4326GXNOPA,company_11,buyer,,,0,,,
,,,LTUUJD9792AJUXUM,company_11,buyer,,,0,,,
,,,HWADZ3574FT,company_11,buyer,,,0,,,
,,,FLQTP7764EZK,company_11,buyer,,,0,,,
,,,OC8563ENNY,company_11,buyer,,,0,,,
,,,IETIRK6771ZGDW,company_11,buyer,,,0,,,
,,,HDYH0329ZAT,company_11,buyer,,,0,,,
,,,NG1704L,company_11,buyer,,,0,,,
,,,BET5949ULVP,company_11,buyer,,,0,,,
,,,PDUA6843REWU,company_11,buyer,,,0,,,
,,,UOSA4336GXC,company_11,buyer,,,0,,,
,,,QV0960L,company_11,buyer,,,0,,,
,,,WAHON3839SR,company_11,buyer,,,0,,,
,,,PXZXA0804EGTMJX,company_11,buyer,,,0,,,
,,,RJOV2315LBAQHH,company_11,buyer,,,0,,,
,,,PQN0436LAGXF,company_11,buyer,,,0,,,
,,,BVR6157HBPG,company_11,buyer,,,0,,,
,,,DRECEY4486VVIF,company_11,buyer,,,0,,,
,,,LSVZS2551NFD,company_11,buyer,,,0,,,
,,,IEPJC7760JIXFR,company_11,buyer,,,0,,,
,,,YVZGK5486IXRQ,company_11,buyer,,,0,,,
,,,FH6098EAIEY,company_11,buyer,,,0,,,
,,,DYW8686ERNW,company_11,buyer,,,0,,,
,,,KGTYH7520IKRGE,company_11,buyer,,,0,,,
,,,BQDTK3024MLH,company_11,buyer,,,0,,,
,,,DVKZA5184H,company_11,buyer,,,0,,,
,,,LJFNVW9763HABD,company_11,buyer,,,0,,,
,,,UQ5476B,company_11,buyer,,,0,,,
,,,SPLS0427UMFFMD,company_11,buyer,,,0,,,
,,,PNGE1267RBEEVD,company_11,buyer,,,0,,,
,,,VCR1250LSVED,company_11,buyer,,,0,,,
,,,MJGW6574JU,company_11,buyer,,,0,,,
,,,FE0508BFE,company_11,buyer,,,0,,,
,,,DZ9079DREU,company_11,buyer,,,0,,,
,,,ZMR5452VGUK,company_11,buyer,,,0,,,
,,,CMJV1174KCKC,company_11,buyer,,,0,,,
,,,J0880B,company_11,buyer,,,0,,,
,,,VECRA3293SUDBI,company_11,buyer,,,0,,,
,,,DLSR4336NBN,company_11,buyer,,,0,,,
,,,QNDAS0626MY,company_11,buyer,,,0,,,
,,,XO1317ZRZBCT,company_11,buyer,,,0,,,
,,,BKX2829EC,company_11,buyer,,,0,,,
,,,QMJWH0362YO,company_11,buyer,,,0,,,
,,,BSY0754EPQT,company_11,buyer,,,0,,,
,,,KECOS1026BHMUD,company_11,buyer,,,0,,,
,,,Y5345VYTAA,company_11,buyer,,,0,,,
,,,CPW4871R,company_11,buyer,,,0,,,
,,,LSVRA8809MO,company_11,buyer,,,0,,,
,,,UGOVGO0376QC,company_11,buyer,,,0,,,
