ADSL, Service, Request, Event
ADSL, Service, Response, Event
AIB, Fulfillment, Order, Externaliser
AIB, Fulfillment, Order, Internaliser
AIB, Packager
AIB, Port, Activate, Number, Externaliser
AIB, Port, Activate, Number, Response, Internaliser
AIB, Port, Packager
AIB, Total, Order, Request, Externaliser
AIB, Total, Order, Response, Internaliser
APIGEE, Packager
APIGEE, Service, Order, Request, Externaliser
APIGEE, Service, Order, Response, Internaliser
APIGEEIC, Subscriber, Bean
APIGEEOC, Subscriber, Bean
APIGWBOB, Packager
APIGWBOB, Service, Order, Request, Externaliser
APIGWBOB, Service, Order, Response, Internaliser
APIGWBOBIC, Subscriber, Bean
APIGWBOBOC, Subscriber, Bean
APIGWMPACCS, Packager
APIGWMPACCS, Service, Order, Request, Externaliser
APIGWMPACCS, Service, Order, Response, Internaliser
APIGWMPACCSIC, Subscriber, Bean
APIGWMPACCSOC, Subscriber, Bean
ASC, Goods, Order, Request, Externaliser
ASC, Goods, Order, Response, Internaliser
ASC, Packager
ASCIC, Subscriber, Bean
ASCOC, Subscriber, Bean
Abort, Fulfillment, Order, Event
Accept, Card, Check, Response, Process
Add, Fulfillment, Association
Add, Product, Association, Value
Add, Product, Feature, Association, Value
Add, Product, Features
Address, JVT, Bean, Adapter
Amendment, Billing, Order, Accepted, Event
Amendment, Billing, Order, Event, Impl
Amendment, Billing, Order, Partial, Accepted, Event
Amendment, Billing, Order, Rejected, Event
Amendment, Order, Process
Amendment, Order, Process
Amendment, Order, Process
Amendment, Order, Response, Process
Appointment, Bean
Appointment, Factory, Impl
Appointment, JVT, Bean, Adapter
Archive, Data, Bean
Archive, Data, Home
Archiver
Attach, Root, Node
Attach, Target, Hierarchy
Attribute, Access, Based, Process
B2, B, Packager
BAFTA, Packager
BAFTA, Service, Order, Request, Externaliser
BAFTA, Service, Order, Response, Internaliser
BAL, Billing, Order, Request, Externaliser
BAL, Billing, Order, Response, Internaliser
BAL, Packager
BALMBOC, Order, Request, Externaliser
BALMBOC, Order, Response, Internaliser
BALMFR, Order, Request, Externaliser
BALMFR, Order, Response, Internaliser
BASOL, File, Bean
BASOL, File, Factory, Impl
BASOL, File, JVT, Bean, Adapter
BBVOSS, Packager
BBVOSS, Service, Request, Externaliser
BBVOSS, Service, Response, Internaliser
BBVOSSIC, Subscriber, Bean
BBVOSSOC, Subscriber, Bean
BOC, Subscriber, Bean
BOCFSM, Controller, Bean
BT, Nev, OSS, Packager
BT, Nev, OSS, Service, Request, Externaliser
BT, Nev, OSS, Service, Response, Internaliser
BT, Ww, BC, Exception, Internaliser
BT, Ww, BC, Service, Order, Request, Externaliser
BT, Ww, BC, Service, Order, Response, Internaliser
BTOBSG, Packager
BTOBSG, Sales, Order, Output, Externaliser
BTOBSG, Sales, Order, Request, Internaliser
BTWSTAA, Event, Property, Descriptor
BTWSTAA, Exception, Response, Received
BTWSTAA, Order, Exception, Internaliser
BTWSTAA, Packager
BTWSTAA, Value, Added, Service, Request, Externaliser
BTWSTAA, Value, Added, Service, Response, Internaliser
Billing, Account, Bean
Billing, Account, Factory, Impl
Billing, Account, JVT, Bean, Adapter
Billing, Fail, Order, Process
Billing, Order, Attribute, Bean
Billing, Order, Attribute, JVT, Bean, Adapter
Billing, Order, Bean
Billing, Order, Error, Message, Value
Billing, Order, Event, Factory, Impl
Billing, Order, Exception, Internaliser
Billing, Order, Externaliser
Billing, Order, Factory, Impl
Billing, Order, Item, Bean
Billing, Order, Item, Feature, Bean
Billing, Order, Item, Feature, JVT, Bean, Adapter
Billing, Order, Item, JVT, Bean, Adapter
Billing, Order, Item, Note, Bean
Billing, Order, Item, Note, JVT, Bean, Adapter
Billing, Order, Item, Roled, Contact, Bean
Billing, Order, Item, Roled, Contact, JVT, Bean, Adapter
Billing, Order, JVT, Bean, Adapter
Billing, Order, Response, Internaliser
Billing, Order, State, Entity, Factory, Impl
Boolean, MF
Build, Product, Node
CIC, Subscriber, Bean
CISP, Event, Property, Descriptor
CISP, Exception, Received, Process
CISP, Order, Exception, Internaliser
CISP, Packager
CISP, Retry, Process
CISP, Service, Request, Externaliser
CISP, Service, Response, Internaliser
CMI, Packager
CMI, Service, Order, Request, Externaliser
COC, Subscriber, Bean
Calculate, Timeout, Date, Time, Process
Calculate, Timeout, Date, Time, Process
Cancel, Timer, Process
Card, Check, Bean
Card, Check, Event, Factory, Impl
Card, Check, Exception, Internaliser
Card, Check, JVT, Bean, Adapter
Card, Check, Request, Externaliser
Card, Check, Response, Internaliser
Card, Check, Result, Internaliser
Chain, Order, Process
Change, Product, Association, Value
Change, Product, Feature, Association, Value
Check, Amendment, Order, State, Process
Check, Amendment, Order, State, Process
Check, Amendment, Order, States, Process
Check, And, Amend, Order, State, Entities, Process
Check, And, Resume, Order, State, Entities, Process
Check, Child, Amend, Order, Status, Process
Check, Child, Order, Status, Process
Check, Existing, Parked, State, Process
Check, Existing, Timer, Process
Check, Previous, Fulfillment, Process
Check, Response, Ignored, Process
Compare, MF
Complete, Billing, Order, Fulfillment, Process
Complete, Fulfillment, Process
Complete, Goods, Order, Fulfillment, Process
Complete, Service, Order, Fulfillment, Process
Complete, Total, Order, Fulfillment, Process
Complete, Value, Added, Service, Fulfillment, Process
Complete, Work, Order, Fulfillment, Process
Component, Controller, Bean
Component, Controller, Home
Compress, Action
Compress, File
Configure, Related, Products
Configure, Root, Products
Constant, Entry
Contains
Continue, Billing, Order, Event, Impl
Copy, Fast, Track, Order, Attributes, Process
Copy, MF
Count, Order, Items, For, Product, Code, Process
Create, And, Start, Order, Process
Create, And, Start, Order, Process
Create, And, Start, Order, Process
Create, And, Start, Order, Process
Create, Order, Process
Create, Order, Process
Create, Order, State, Entities, Process
Csv, Formatter
DNP, Packager
DNP, Service, Order, Request, Externaliser
DNP, Service, Order, Response, Internaliser
DNPIC, Subscriber, Bean
DNPOC, Subscriber, Bean
Daily, Manual, Action
Daily, Reports, Bean
Daily, Reports, Client
Daily, Status, File, Display, Action
Database, Report, Action
Database, Report, Link, List, Action
Database, Report, Table, Action
Date, MF
Delete, Product, Association, Value
Delete, Product, Feature, Association, Value
Detach, Root, Node
Display, File, Action
ESBMCC, Packager
ESBMCC, Service, Order, Request, Externaliser
ESBMCC, Service, Order, Response, Internaliser
ESBMCCIC, Subscriber, Bean
ESBMCCOC, Subscriber, Bean
ESBMHHS, Service, Order, Request, Externaliser
ESBMHHS, Service, Order, Response, Internaliser
ESBMIF, Packager
ESBMIF, Service, Order, Request, Externaliser
ESBMIF, Service, Order, Response, Internaliser
ESBMMD, Packager
ESBMMD, Service, Order, Request, Externaliser
ESBMMD, Service, Order, Request, Internaliser
ESBMPA, Packager
ESBMPA, Service, Order, Request, Externaliser
ESBMPA, Service, Order, Response, Internaliser
ESBMPAIC, Subscriber, Bean
ESBMPAOC, Subscriber, Bean
ESBMSC, Goods, Order, Request, Externaliser
ESBMSC, Goods, Order, Response, Internaliser
ESBMSS, Packager
ESBMSS, Service, Order, Request, Externaliser
ESBMSS, Service, Order, Response, Internaliser
ESBMUP, Packager
ESBMUP, Service, Order, Request, Externaliser
ESBMUP, Service, Order, Response, Internaliser
ESBMUPIC, Subscriber, Bean
ESBMUPOC, Subscriber, Bean
ESBNAQ, Packager
ESBNAQ, Service, Order, Request, Externaliser
ESBNAQ, Service, Order, Response, Internaliser
ESBNAQIC, Subscriber, Bean
ESBNAQOC, Subscriber, Bean
ESBORDSSRM, Packager
ESBORDSSRM, Service, Order, Request, Externaliser
ESBORDSSRM, Service, Order, Response, Internaliser
Encoded, State
Encrypt, SIP, Credential, Stub, Process
Entity, Manager, Bean
Entity, Manager, Remote, Home
Error, Event, Subscriber, Bean
Evaluate, Field, Process
Exception, Received, Process
External, Event, Property, Descriptor
FLOW, Packager
FLOW, Service, Order, Request, Externaliser
FLOW, Service, Order, Response, Internaliser
FOC, Subscriber, Bean
FOCFSM, Controller, Bean
FSM, Controller, Home
Fail, Order, Action
Fail, Order, Bean
File, Action
Files, Action
Filter, State, Models, Process
Finalise, Billing, Fulfillment, Process
Finalise, Card, Check, Result, Process
Finalise, Fulfillment, State, Process
Finalise, Goods, Fulfillment, Process
Finalise, Service, Fulfillment, Process
Finalise, Total, Fulfillment, Process
Finalise, Value, Added, Service, Fulfillment, Process
Finalise, Work, Fulfillment, Process
Fixed, Width, Formatter
Fulfill, All, Products
Fulfill, Source, Target, Pair
Fulfillment, Amendment, Order, Event, Factory, Impl
Fulfillment, Entry, Bean
Fulfillment, Entry, JVT, Bean, Adapter
Fulfillment, Error, Process
Fulfillment, Event, Property, Descriptor
Fulfillment, Factory, Impl
Fulfillment, Fail, Order, Process
Fulfillment, Order, Attribute, Bean
Fulfillment, Order, Attribute, JVT, Bean, Adapter
Fulfillment, Order, Bean
Fulfillment, Order, Event, Factory, Impl
Fulfillment, Order, Factory, Impl
Fulfillment, Order, Internaliser
Fulfillment, Order, Item, Bean
Fulfillment, Order, Item, Feature, Bean
Fulfillment, Order, Item, Feature, JVT, Bean, Adapter
Fulfillment, Order, Item, JVT, Bean, Adapter
Fulfillment, Order, Item, Map, Bean
Fulfillment, Order, Item, Map, Home
Fulfillment, Order, Item, Map, Key
Fulfillment, Order, Item, Map, Value
Fulfillment, Order, Item, Note, Bean
Fulfillment, Order, Item, Note, JVT, Bean, Adapter
Fulfillment, Order, Item, Roled, Contact, Bean
Fulfillment, Order, Item, Roled, Contact, JVT, Bean, Adapter
Fulfillment, Order, JVT, Bean, Adapter
Fulfillment, Order, Map, Bean
Fulfillment, Order, Map, JVT, Bean, Adapter
Fulfillment, Order, Response, Externaliser
Fulfillment, Orders, Coordination, Process
Fulfillment, Recovery, Order, Event, Factory, Impl
GC, File, Handler, Impl, V1_3
GC, Report, Tool
GOC, Subscriber, Bean
GOCFSM, Controller, Bean
General, Order, Event, Factory, Impl
Generate, Billing, Intermediate, Event, Process
Generate, Billing, State, Change, Event, Process
Generate, Errors, Document
Generate, Fulfillment, State, Change, Event, Process
Generate, Goods, Intermediate, Event, Process
Generate, Goods, State, Change, Event, Process
Generate, Interim, Order, Status, Process
Generate, Report
Generate, Service, Intermediate, Event, Process
Generate, Service, State, Change, Event, Process
Generate, Total, Intermediate, Event, Process
Generate, Total, State, Change, Event, Process
Generate, Value, Added, Service, Intermediate, Event, Process
Generate, Value, Added, Service, State, Change, Event, Process
Generate, Work, Intermediate, Event, Process
Generate, Work, State, Change, Event, Process
Generic, Subscriber, Bean
Get, Associated, Products
Get, Attributes
Get, Features
Get, Fulfillment, Entry, Key, From, Event, Process
Get, Fulfillment, State, Model, Mapping
Get, Fulfillment, State, Model, Mappings
Get, Order, From, Event, Process
Get, Order, Key, From, Event, Process
Get, Order, State, Key, From, Entity, Process
Get, Order, State, Key, From, Event, Process
Get, Order, State, Key, From, Timeout, Process
Get, Products
Get, Supplier, State, Model, Mapping
Goods, Account, Value
Goods, Fail, Order, Process
Goods, Order, Attribute, Bean
Goods, Order, Attribute, JVT, Bean, Adapter
Goods, Order, Bean
Goods, Order, Event, Factory, Impl
Goods, Order, Event, Property, Descriptor
Goods, Order, Externaliser
Goods, Order, Factory, Impl
Goods, Order, Item, Bean
Goods, Order, Item, Feature, Bean
Goods, Order, Item, Feature, JVT, Bean, Adapter
Goods, Order, Item, JVT, Bean, Adapter
Goods, Order, Item, Note, Bean
Goods, Order, Item, Note, JVT, Bean, Adapter
Goods, Order, Item, Roled, Contact, Bean
Goods, Order, Item, Roled, Contact, JVT, Bean, Adapter
Goods, Order, JVT, Bean, Adapter
Goods, Order, Response, Internaliser
Goods, Order, State, Entity, Factory, Impl
HDM, Action
HTTP, Transport
Html, Formatter
IIPMAL, Packager
IIPMAL, Service, Order, Request, Externaliser
IIPMAL, Service, Order, Response, Internaliser
IIPMMDS, Packager
IIPMMDS, Service, Order, Request, Externaliser
IIPMMDS, Service, Order, Response, Internaliser
IIPMMDSIC, Subscriber, Bean
IIPMMDSOC, Subscriber, Bean
IIPMNS, Packager
IIPMNS, Service, Order, Request, Externaliser
IIPMNS, Service, Order, Response, Internaliser
IIPMNSIC, Subscriber, Bean
IIPMNSOC, Subscriber, Bean
IIPMPACCS, Packager
IIPMPACCS, Service, Order, Request, Externaliser
IIPMPACCS, Service, Order, Response, Internaliser
IIPMPACCSIC, Subscriber, Bean
IIPMPACCSOC, Subscriber, Bean
IIPMTPC, Packager
IIPMTPC, Service, Order, Request, Externaliser
IIPMTPC, Service, Order, Response, Internaliser
IIPMTPS, Packager
IIPMTPS, Service, Order, Request, Externaliser
IIPMTPS, Service, Order, Response, Internaliser
IIPMTPSIC, Subscriber, Bean
IIPMTPSOC, Subscriber, Bean
IIPNETGEM, Packager
IIPNETGEM, Service, Order, Request, Externaliser
IIPNETGEM, Service, Order, Response, Internaliser
IIPNETGEMIC, Subscriber, Bean
IIPNETGEMOC, Subscriber, Bean
IIPORCS, Packager
IIPORCS, Service, Order, Request, Externaliser
IIPORCSIC, Subscriber, Bean
IIPORCSOC, Subscriber, Bean
ISDN, Exception, Internaliser
ISDN, Service, Order, Request, Externaliser
ISDN, Service, Order, Response, Internaliser
ISDN2e, Exception, Internaliser
ISDN2e, Packager
ISDN2e, Service, Order, Request, Externaliser
ISDN2e, Service, Order, Response, Internaliser
ISDN30, Packager
Identify, Global, Action
Identify, PPV, Products, Process
Identify, Progression, Process
Identify, Progression, Process
Impairment, Bean
Impairment, Factory, Impl
Impairment, JVT, Bean, Adapter
In, Memory, Encoding, Event, List
In, Memory, Event, List
Incoming, Event, Controller, Bean
Incoming, Event, Controller, Home
Initialise
Initialise, Current, Date
Initiate, Card, Check, Process
Inject, Bulk, KCI, Cancel, Action
Inject, Bulk, KCI3, Action
Inject, Bulk, KCI3, Form
Inject, External, Event, Action
Inject, Single, KCI, Cancel, Action
Inject, Single, KCI28, Action
Inject, Single, KCI3, Action
Insert, Billing, Order, Response, Event
Insert, External, Event
Insert, Total, Order, Response, Event
Interface, Control, Action
Interface, Control, Bean
Interface, Control, Client
Interface, Control, Factory, Impl
Interface, Control, JVT, Bean, Adapter
Interface, Control, Process
Interface, Control, Table, Bean
Interface, Disable, Requests, Bean
Interface, Disable, Requests, Factory, Impl
Interface, Disable, Requests, JVT, Bean, Adapter
Interface, Validation, Action
Interface, Validation, Form
JMS, Activity, Reporter
JMS, Event, Factory, Impl
JMS, Transport
JMS, Wrapper
JVT, Billing, Order, Session, Bean
JVT, Fulfillment, Order, Session, Bean
JVT, Goods, Order, Session, Bean
JVT, Order, Home
JVT, Order, State, Entity, Session, Bean
JVT, Service, Order, Session, Bean
JVT, Supplier, Order, Home
JVT, Total, Order, Session, Bean
Jdbc, Executor
KCIM, Packager
KCIM, Service, Order, Request, Externaliser
KCIM, Service, Order, Response, Internaliser
List, Ids
Locate, Features, In, Order, Item, Process
Locate, Fulfillment, Entry
Locate, Order, Item, In, Order, Process
Locking, Billing, Order, State, Entity, Bean
Locking, Billing, Order, State, Entity, Factory, Impl
Locking, Billing, Order, State, Entity, JVT, Bean, Adapter
Locking, Goods, Order, State, Entity, Bean
Locking, Goods, Order, State, Entity, Factory, Impl
Locking, Goods, Order, State, Entity, JVT, Bean, Adapter
Locking, Order, State, Entity, Bean
Locking, Order, State, Entity, Factory, Impl
Locking, Order, State, Entity, JVT, Bean, Adapter
Locking, Service, Order, State, Entity, Bean
Locking, Service, Order, State, Entity, Factory, Impl
Locking, Service, Order, State, Entity, JVT, Bean, Adapter
Locking, Total, Order, State, Entity, Bean
Locking, Total, Order, State, Entity, Factory, Impl
Locking, Total, Order, State, Entity, JVT, Bean, Adapter
Log, Amendment, Event, Error, Process
Log, An, Error, Process
Log, Error, Process
Log, Trace, Message, Process
Logical, Expression, Evaluator, Process
MCSO, Fulfillment, Order, Internaliser
MCSO, Packager
MCSO, Service, Order, Request, Externaliser
MCSO, Service, Order, Response, Internaliser
MDD, Packager
MDD, Service, Order, Request, Externaliser
MDD, Service, Order, Response, Internaliser
MET, Acknowledge, Response, Internaliser
MET, Packager
MET, Service, Order, Request, Externaliser
MET, Service, Order, Update, Response, Internaliser
METB, Packager
METB, Service, Order, Request, Externaliser
METB, Service, Order, Response, Internaliser
MNM, Packager
MNM, Service, Order, Request, Externaliser
MNM, Service, Order, Response, Internaliser
MNMIC, Subscriber, Bean
MNMOC, Subscriber, Bean
MNP, Packager
MNP, Service, Order, Request, Externaliser
MNP, Service, Order, Response, Internaliser
MNUM, Packager
MNUM, Service, Order, Request, Externaliser
MNUM, Service, Order, Response, Internaliser
MQ_, Input, Subscriber, Bean
MQ_, PMF, Subscriber, Bean
MSEO, Order, Request, Externaliser
MSEO, Order, Response, Internaliser
MSEO, Packager
MSEOIC, Subscriber, Bean
MSEOOC, Subscriber, Bean
MTPA, Ack, Response, Internaliser
MTPA, Packager
MTPA, Service, Order, Request, Externaliser
MTPA, Service, Order, Response, Internaliser
MTPA, Update, Supplier, Feature, Process
MTPAQ, Service, Order, Response, Internaliser
MTPAQ, Update, Supplier, Feature, Process
Manual, Control, Action
Maths, MF
Method, Call, Event, Property, Descriptor
Method, Call, Event, Subscriber, Bean
Mode, Control, Action
Model, Registry
Model, State, Encoder
Model, Viewer
Name, Address, Bean
Nelson, Tactical
Nested, Model, State
Nev, OSSIC, Subscriber, Bean
Nev, OSSOC, Subscriber, Bean
Null, Process
Null, Process
Null, Process
Null, Process
OR, Sentry, IC, Subscriber, Bean
OR, Sentry, OC, Subscriber, Bean
OR, Sentry, Packager
OR, Sentry, Service, Order, Request, Externaliser
OR, Sentry, Service, Order, Response, Internaliser
OSCAR, Packager
OSCAR, Service, Order, Request, Externaliser
OSCAR, Service, Order, Response, Internaliser
Ofs, Config, Bean
One, Siebel, Fulfillment, Order, Externaliser
One, Siebel, Fulfillment, Order, Internaliser
One, Siebel, Packager
One, Siebel, Sales, Order, Input, Subscriber, Bean
One, Siebel, Sales, Order, Output, Subscriber, Bean
One, Siebel, Work, Order, Input, Subscriber, Bean
One, Siebel, Work, Order, Output, Subscriber, Bean
One, View, Fulfillment, Order, Externaliser
One, View, Fulfillment, Order, Internaliser
One, View, Packager
One, View, Sales, Order, Input, Subscriber, Bean
One, View, Sales, Order, Output, Subscriber, Bean
One, View, Work, Order, Input, Subscriber, Bean
One, View, Work, Order, Output, Subscriber, Bean
Open, Reach, Exception, Internaliser
Open, Reach, FVA, Exception, Internaliser
Open, Reach, FVA, Order, Request, Externaliser
Open, Reach, FVA, Order, Response, Internaliser
Open, Reach, Packager
Open, Reach, Post, Completion, Event, Handler, Process
Open, Reach, RCFCR, Order, Request, Externaliser
Open, Reach, SBS, Order, Request, Externaliser
Open, Reach, SBS, Order, Response, Internaliser
Open, Reach, Service, Order, Input, Subscriber, Bean
Open, Reach, Service, Order, Output, Subscriber, Bean
Open, Reach, Service, Order, Response, Internaliser
Openreach, FVA, Packager
Openreach, SBS, Exception, Internaliser
Openreach, SBS, Packager
Order, Attribute, Key, Impl
Order, Home
Order, Item, Feature, Key, Impl
Order, Item, Home
Order, Item, Key
Order, Item, Note, Key, Impl
Order, Item, Roled, Contact, Key, Impl
Order, Item, Value, Comparator
Order, Response, Factory, Impl
Order, State, Change, Bean
Order, State, Change, Event, Subscriber, Bean
Order, State, Change, Factory, Impl
Order, State, Change, JVT, Bean, Adapter
Order, State, Entity, Attribute, Bean
Order, State, Entity, Attribute, JVT, Bean, Adapter
Order, State, Entity, Factory, Impl
Order, State, History
Order, Status, Change, Event, Externaliser
Order, Value, Iterator
Outgoing, Event, Controller, Bean
Outgoing, Event, Controller, Home
Outstanding, Orders, Client
PMF, Controller, Bean
PMF, Controller, Home
PMF, Event, Factory, Impl
PMF, Gen, Supplier, Features, Update
PMF, Input, Subscriber, Bean
PMF, Output, Subscriber, Bean
PMF, Packager
PMF, Request, Internaliser
PMF, Response, Externaliser
PMF, Servlet
Party, Bean
Party, Factory, Impl
Party, JVT, Bean, Adapter
Password, Store
Payment, Event, Property, Descriptor
Payment, Factory, Impl
Payment, Instructions, Bean
Payment, Instructions, JVT, Bean, Adapter
Persist, Supplier, Feature, Process
Plain, File
Polling, Exception
Polling, Servlet
Polling, Timer, Manager, Bean
Polling, Timer, Manager, Home
Polling, Timer, Manager, Impl
Process, Dependency
Process, METB, Response, Items
Product, Based, Condition, Process
Product, Dependency, Value
Product, Factory, Impl
Product, Feature, Applicability, Value
Product, Feature, Dependency, Value
Product, Feature, Incompatibility, Value
Product, Inheritence, Value
Product, Management, Bean
Product, Request, Event, Property, Descriptor
Product, Response, Event, Property, Descriptor
Proposition, Based, Condition, Process
Publish, Event, Process
Publish, Goods, Amendment, Order, Status, Process
Publish, Service, Amendment, Order, Status, Process
Publish, Total, Amendment, Order, Status, Process
Publish, Value, Added, Service, Amendment, Order, Status, Process
Publisher, Bean
Purge, Supplier, Cease, Provide
Query, Billing, Order, State, Entity, With, Supplier, Order, Key
Query, Billing, Orders, With, Billing, Order, State, Entity, Key
Query, Billing, Orders, With, Client, Order, ID, And, Supplier, ID
Query, Billing, Orders, With, Client, Order, ID, Supplier, ID, Version, Number
Query, Billing, Orders, With, Supplier, Order, ID
Query, Billing, Orders, With, Supplier, Order, ID, And, Supplier, ID
Query, Card, Checks, With, Card, Check, ID
Query, Card, Checks, With, Order, Key
Query, Card, Checks, With, Supplier, Order, Key
Query, Fulfillment, Entries, Process
Query, Fulfillment, Entry, Process
Query, Fulfillment, Entry, With, Order, Key
Query, Fulfillment, Entrys, With, Child, Order, Key, And, Type
Query, Fulfillment, Entrys, With, Client, Order, ID, And, Type
Query, Fulfillment, Entrys, With, Fulfillment, Order, Key, And, Type
Query, Fulfillment, Entrys, With, Fulfillment, Order, Key, Type, And, Catalog, ID
Query, Fulfillment, Entrys, With, Fulfillment, Order, Key, Type, And, Supplier, ID
Query, Fulfillment, Entrys, With, Fulfillment, Order, Key, Type, Supplier, ID, And, Catalog, ID
Query, Fulfillment, Entrys, With, Fulfillment, Type, Supplier, ID, And, Catalog, ID
Query, Fulfillment, Feature, With, Order, Item, Key
Query, Fulfillment, Feature, With, Previous, Feature, Key
Query, Fulfillment, Order, With, Creation, Time, Stamp, And, State
Query, Fulfillment, Order, With, Fulfillment, Entry, Key
Query, Fulfillment, Orders, With, Client, Order, ID
Query, Fulfillment, Orders, With, Customer, Order, Reference, And, Client, ID
Query, Fulfillment, Orders, With, Only, Client, Order, ID
Query, Goods, Order, State, Entity, With, Supplier, Order, Key
Query, Goods, Order, States, With, Client, Id, Client, Order, Id, And, State
Query, Goods, Orders, With, Client, Order, ID, And, Supplier, ID
Query, Goods, Orders, With, Client, Order, ID, Supplier, ID, Version, Number
Query, Goods, Orders, With, Goods, Order, State, Entity, Key
Query, Goods, Orders, With, Supplier, Order, ID
Query, Goods, Orders, With, Supplier, Order, ID, And, Supplier, ID
Query, Interface, Control, By, Interface, Name
Query, Order, State, Entity, With, Client, Id, Client, Order, Id, Seq, No
Query, Order, State, Entity, With, Fulfillment, Order, Key
Query, SIP, Credentials, ALL
Query, SIP, Credentials, By, Inuse
Query, SSN, Mapping, With, SIM, Serial, Number
Query, SSN, Mapping, With, Short, SIM, Serial, Number
Query, Service, Order, State, Entity, With, Supplier, Order, Key
Query, Service, Order, States, With, Client, Id, Client, Order, Id, And, State
Query, Service, Orders, With, Client, Order, ID, And, Supplier, ID
Query, Service, Orders, With, Client, Order, ID, Supplier, ID, Version, Number
Query, Service, Orders, With, Service, Order, State, Entity, Key
Query, Service, Orders, With, Supplier, Order, ID
Query, Service, Orders, With, Supplier, Order, ID, And, Supplier, ID
Query, Storing, Object, With, Soset, Value, Impl
Query, Storing, Object, With, Uniq, Num, And, Seq, Num, Value, Impl
Query, Storing, Object, With, Uniq, Num, Value, Impl
Query, Timer, Info, All
Query, Timer, Info, By, Expired
Query, Timer, Info, By, User, Data
Query, Total, Order, State, Entity, With, Supplier, Order, Key
Query, Total, Orders, With, Client, Order, ID, And, Supplier, ID
Query, Total, Orders, With, Client, Order, ID, Supplier, ID, Version, Number
Query, Total, Orders, With, Supplier, Order, ID
Query, Total, Orders, With, Supplier, Order, ID, And, Supplier, ID
Query, Total, Orders, With, Total, Order, State, Entity, Key
Queue, Client
RAP, Packager
RBSC, Packager
RBSC, Service, Order, Request, Externaliser
RBSC, Service, Order, Response, Internaliser
RBSCIC, Subscriber, Bean
RBSCOC, Subscriber, Bean
RIC, Subscriber, Bean
RIOSS, Packager
RIOSS, Service, Request, Externaliser
RIOSS, Service, Response, Internaliser
ROC, Subscriber, Bean
Read, Entity, Process
Refresh, Mapped, Supplier, Features, Process
Registry, Control, Bean
Reload, Registry, Action
Reload, Registry, Bean
Reload, Registry, Client
Remove, Fulfillment, Associations
Report, Viewer
Reset, Order, Attribute, Process
Resolve, Fulfillment, Model, Lists
Response, Received, Process
Response, Received, Process
Response, Received, Process
Response, Received, Process
Restart, Master, Model, Process
Restart, Order
Restart, Order, Action
Restart, Order, Bean
Restart, Order, Process
Resubmit, Action
Resubmit, Order, Bean
Resume, Billing, Fulfillment, Process
Resume, Billing, Process
Resume, Goods, Fulfillment, Process
Resume, Goods, Process
Resume, Order
Resume, Order, Action
Resume, Order, Bean
Resume, Service, Fulfillment, Process
Resume, Service, Process
Resume, Total, Fulfillment, Process
Resume, Total, Process
Resume, Value, Added, Service, Fulfillment, Process
Resume, Value, Added, Service, Process
Resume, Work, Order, Fulfillment, Process
Resume, Work, Order, Process
Retail, CISP, Order, Request, Externaliser
Retail, CISP, Order, Response, Internaliser
Retail, CISP, Packager
Retail, CISP, Request, Output, Subscriber, Bean
Retail, CISP, Response, Input, Subscriber, Bean
Retrieve, Attribute, As, Condition
Roll, Back, Supplier, Order, Process
Roll, Back, Supplier, Order, Process
Roll, Back, Supplier, Order, Process
Rollback, Sales, Order, Root, Trees, Process
SAS, Packager
SAS, Service, Order, Request, Externaliser
SAS, Service, Order, Response, Internaliser
SASIC, Subscriber, Bean
SASOC, Subscriber, Bean
SAT, Packager
SAT, Service, Order, Response, Internaliser
SI, Logging, Config
SIP, Credentials, Bean
SIP, Credentials, Factory, Impl
SIP, Credentials, JVT, Bean, Adapter
SOC, Subscriber, Bean
SOCFSM, Controller, Bean
SSN, Mapping, Bean
SSN, Mapping, Factory, Impl
SSN, Mapping, JVT, Bean, Adapter
Sales, Order, Exists, Process
Sales, Team, Agent, Bean
Sales, Team, Agent, Factory, Impl
Sales, Team, Agent, JVT, Bean, Adapter
Save, Action
Select, Fulfillment
Selection
Send, Amendment, Status, Event, Process
Send, Amendment, Status, Event, Process
Send, Amendment, Status, Event, Process
Send, Status, Receipt, Process
Service, AAERAE, Event, Property, Descriptor
Service, Account, Bean
Service, Account, Factory, Impl
Service, Account, JVT, Bean, Adapter
Service, Exception, Received, Process
Service, Order, Attribute, Bean
Service, Order, Attribute, JVT, Bean, Adapter
Service, Order, Bean
Service, Order, Event, Factory, Impl
Service, Order, Event, Property, Descriptor
Service, Order, Externaliser
Service, Order, Factory, Impl
Service, Order, Item, Bean
Service, Order, Item, Feature, Bean
Service, Order, Item, Feature, JVT, Bean, Adapter
Service, Order, Item, JVT, Bean, Adapter
Service, Order, Item, Note, Bean
Service, Order, Item, Note, JVT, Bean, Adapter
Service, Order, Item, Roled, Contact, Bean
Service, Order, Item, Roled, Contact, JVT, Bean, Adapter
Service, Order, JVT, Bean, Adapter
Service, Order, Response, Internaliser
Service, Order, State, Entity, Factory, Impl
Service, Point, Bean
Service, Point, Factory, Impl
Service, Point, JVT, Bean, Adapter
Set, Condition, Based, On, Response, Received, Process
Set, Condition, From, Properties, Process
Set, Condition, Process
Set, Feature, Based, On, Property
Set, Sales, Features, From, Database, Process
Set, Sales, Features, Process
Set, Sales, Features, Process, For, Supplier
Set, Suppress, Interim, Order, Status, Process
Sort, Order, Items, Process
Start, Amend, Order, Process
Start, Billing, Fulfillment, Process
Start, Billing, Fulfillment, Process
Start, Delayed, Order, Process
Start, Goods, Fulfillment, Process
Start, Goods, Fulfillment, Process
Start, Order, Process
Start, Order, Process
Start, Recover, Order, Process
Start, Service, Fulfillment, Process
Start, Timer, Process
Start, Value, Added, Service, Fulfillment, Process
Start, Value, Added, Service, Fulfillment, Process
Start, Work, Fulfillment, Process
Start, Work, Fulfillment, Process
State, Machine, Event, Factory, Impl
Stateful, Entity, Home
Status, Action
Status, Save, Action
Store, Amend, Order, Process
Store, Order, State, Entity, Attribute, Process
Store, State, As, Attribute
Storing, Object, Bean
Storing, Object, Factory, Impl
Success, Action
Supplier, Feature, Based, Condition, Process
Supplier, Feature, Updated, Process
Supplier, Proposition, Based, Condition, Process
TOC, Subscriber, Bean
TOCFSM, Controller, Bean
TSG, Packager
TSG, Service, Order, Request, Externaliser
TSG, Service, Order, Response, Internaliser
TSGIC, Subscriber, Bean
TSGOC, Subscriber, Bean
Table, MF
Test, Timer, Task
Timer, Info, Bean
Timer, Info, Factory, Impl
Timer, Info, JVT, Bean, Adapter
Total, Account, Value
Total, Order, Attribute, Bean
Total, Order, Attribute, JVT, Bean, Adapter
Total, Order, Bean
Total, Order, Event, Factory, Impl
Total, Order, Exception, Internaliser
Total, Order, Externaliser
Total, Order, Factory, Impl
Total, Order, Item, Bean
Total, Order, Item, Feature, Bean
Total, Order, Item, Feature, JVT, Bean, Adapter
Total, Order, Item, JVT, Bean, Adapter
Total, Order, Item, Note, Bean
Total, Order, Item, Note, JVT, Bean, Adapter
Total, Order, Item, Roled, Contact, Bean
Total, Order, Item, Roled, Contact, JVT, Bean, Adapter
Total, Order, JVT, Bean, Adapter
Total, Order, Response, Internaliser
Total, Order, State, Entity, Factory, Impl
Transform, Client
UESCD, Packager
UESCD, Service, Order, Request, Externaliser
UESCD, Service, Order, Response, Internaliser
Unchanged, Product, Association, Value
Unchanged, Product, Feature, Association, Value
Update, Card, Check, Result, Process
Update, Entity, Process
Update, Event, Properties, Process
Update, Fulfillment, Order, Map, From, Child, Order, State, Process
Update, Order, Attribute, Values, Process
Update, Statuses, On, Non, Fulfilled, Items
Update, Supplier, Feature, Process
Update, Supplier, Order, Item, Process
Update, Supplier, Order, Process
Upload, And, Store, Action
Utility, Factory, Impl
V, Sales, In, Subscriber, Bean
V, Sales, Out, Subscriber, Bean
V, Supp, In, Subscriber, Bean
V, Supp, Out, Subscriber, Bean
Validate, Order, Process
Value, Added, Service, Fail, Order, Process
View, Entity, Action
View, Order, Bean
Vitria, Event, Property, Descriptor
Vitria, Packager
Work, Fail, Order, Process
Work, Fulfillment, Intermediate, Event
Work, Order, Expired, Process
Work, Order, Request, Externaliser
Work, Order, Response, Internaliser
X, Path, Function, MF
XML, Formatter
XML, Viewer
ofs_prov_no, Test
set, Supplier, Feature, Based, On, Property



----------
Max length: 13
Query, Fulfillment, Entrys, With, Fulfillment, Order, Key, Type, Supplier, ID, And, Catalog, ID

Process finished with exit code 0
