Billing	: 172
Account	: 28
File	: 25
Interface	: 41
Bean	: 270
Service	: 332
Impl	: 450
Home	: 104
Order	: 1133
Attribute	: 74
Item	: 244
Roled	: 55
Contact	: 55
Feature	: 98
Controller	: 38
Note	: 56
Query	: 138
With	: 113
Value	: 326
Subscriber	: 86
Response	: 118
Internaliser	: 91
Request	: 99
Externaliser	: 79
Packager	: 69
Action	: 36
Base	: 48
Control	: 29
Registry	: 39
Locking	: 58
State	: 240
Entity	: 196
Create	: 37
Process	: 226
Card	: 38
Check	: 42
Model	: 39
And	: 62
Start	: 69
Fail	: 25
JVT	: 108
Event	: 456
Exception	: 77
Resume	: 42
Sales	: 25
Work	: 25
Fulfillment	: 352
Total	: 172
Info	: 26
Goods	: 174
Util	: 28
Added	: 28
Change	: 45
Map	: 59
Adapter	: 73
Factory	: 188
Entry	: 26
Key	: 259
Timer	: 39
Type	: 25
Supplier	: 103
ID	: 87
Orders	: 57
Client	: 53
Data	: 41
Amendment	: 108
Complete	: 29
Product	: 46
Property	: 31
Accepted	: 34
Billing, Order	: 83
Billing, Item	: 36
Service, Order	: 81
Service, Item	: 36
Order, Attribute	: 28
Order, Item	: 109
Order, Roled	: 26
Order, Contact	: 26
Order, Feature	: 26
Order, Note	: 26
Order, Value	: 38
Order, State	: 63
Order, Entity	: 43
Order, Key	: 62
Item, Roled	: 26
Item, Contact	: 26
Item, Feature	: 26
Item, Note	: 26
Item, Value	: 25
Item, Key	: 31
Roled, Contact	: 26
Query, Fulfillment	: 36
Query, Orders	: 54
Query, Client	: 30
Locking, State	: 33
Locking, Entity	: 35
State, Entity	: 84
State, Key	: 26
Entity, Key	: 25
JVT, Adapter	: 35
Fulfillment, Key	: 33
Orders, Client	: 26
Billing, Order, Item	: 36
Service, Order, Item	: 36
Order, Item, Roled	: 26
Order, Item, Contact	: 26
Order, Item, Feature	: 26
Order, Item, Note	: 26
Order, Item, Value	: 25
Order, Item, Key	: 31
Order, Roled, Contact	: 26
Order, State, Entity	: 43
Item, Roled, Contact	: 26
Query, Orders, Client	: 26
Locking, State, Entity	: 33
Order, Item, Roled, Contact	: 26
