Order, 1133
Event, 456
Impl, 450
Fulfillment, 352
Service, 332
Value, 326
Bean, 270
Key, 259
Item, 244
State, 240
Process, 226
Entity, 196
Factory, 188
Goods, 174
Billing, 172
Total, 172
Query, 138
Response, 118
With, 113
Amendment, 108
JVT, 108
Home, 104
Supplier, 103
Request, 99
Feature, 98
Internaliser, 91
ID, 87
Subscriber, 86
Externaliser, 79
Exception, 77
Attribute, 74
Adapter, 73
Packager, 69
Start, 69
And, 62
Map, 59
Locking, 58
Orders, 57
Note, 56
Contact, 55
Roled, 55
Client, 53
Base, 48
Product, 46
Change, 45
Check, 42
Resume, 42
Data, 41
Interface, 41
Model, 39
Registry, 39
Timer, 39
Card, 38
Controller, 38
Create, 37
Action, 36
Accepted, 34
Property, 31
Complete, 29
Control, 29
Account, 28
Added, 28
Util, 28
Entry, 26
Info, 26
Fail, 25
File, 25
Sales, 25
Type, 25
Work, 25
Recovery, 24
Association, 23
Restart, 23
XML, 23
Mapping, 22
Descriptor, 21
Form, 20
Generator, 20
Handler, 20
Status, 20
Object, 19
Generate, 18
Intermediate, 18
List, 18
Manager, 18
Number, 18
Open, 18
PMF, 18
Reach, 18
Session, 18
Storing, 18
Partial, 17
Rejected, 17
Set, 17
CISP, 16
Inject, 16
SIP, 16
Report, 15
SSN, 15
Update, 15
Credentials, 14
Entrys, 14
Get, 14
Id, 14
One, 14
Remote, 14
Loader, 13
Polling, 13
View, 13
Appointment, 12
Payment, 12
Agent, 11
BASOL, 11
Disable, 11
Expander, 11
Impairment, 11
Message, 11
Name, 11
Party, 11
Point, 11
Requests, 11
Team, 11
BT, 10
BTWSTAA, 10
Component, 10
Features, 10
From, 10
JMS, 10
KCI, 10
Siebel, 10
Table, 10
Abort, 9
Add, 9
Address, 9
Cancel, 9
Child, 9
Condition, 9
Date, 9
Error, 9
FSM, 9
Input, 9
Instructions, 9
Managed, 9
Received, 9
AIB, 8
Amend, 8
Based, 8
By, 8
Database, 8
Finalise, 8
Formatter, 8
MF, 8
Output, 8
Proxy, 8
Reload, 8
Single, 8
Stateful, 8
Suspend, 8
Timeout, 8
Transport, 8
Version, 8
BC, 7
Builder, 7
Catalog, 7
Daily, 7
Dependency, 7
ISDN2e, 7
Lookup, 7
Master, 7
OFS, 7
Parameter, 7
Time, 7
Ww, 7
Access, 6
Bulk, 6
Checks, 6
Config, 6
Evaluator, 6
External, 6
ISDN, 6
In, 6
Inner, 6
Insert, 6
Invocation, 6
Management, 6
Num, 6
OR, 6
Operator, 6
Products, 6
Publish, 6
Publisher, 6
Store, 6
Target, 6
Archive, 5
Assignment, 5
Calendar, 5
Constants, 5
FVA, 5
Filter, 5
GC, 5
Items, 5
Logical, 5
MTPA, 5
Nev, 5
On, 5
Previous, 5
Properties, 5
Reporter, 5
Reports, 5
Resubmit, 5
Result, 5
Retail, 5
SBS, 5
Sentry, 5
States, 5
Strand, 5
Transition, 5
Validate, 5
Viewer, 5
ADSL, 4
All, 4
Call, 4
Comparator, 4
EJB, 4
Entities, 4
Expression, 4
General, 4
Identify, 4
KCI3, 4
Log, 4
MCSO, 4
MET, 4
METB, 4
MQ_, 4
Macro, 4
Method, 4
Null, 4
OSS, 4
Openreach, 4
PPM, 4
Root, 4
SIM, 4
Send, 4
Seq, 4
Serial, 4
Task, 4
Transformer, 4
Uniq, 4
V, 4
Vitria, 4
AAERAE, 3
APIGEE, 3
APIGWBOB, 3
APIGWMPACCS, 3
ASC, 3
Activity, 3
BAFTA, 3
BAL, 3
BBVOSS, 3
BTOBSG, 3
Back, 3
Build, 3
Calculate, 3
Code, 3
Connection, 3
DNP, 3
Delete, 3
Display, 3
ESBMCC, 3
ESBMHHS, 3
ESBMIF, 3
ESBMMD, 3
ESBMPA, 3
ESBMSC, 3
ESBMSS, 3
ESBMUP, 3
ESBNAQ, 3
ESBORDSSRM, 3
EVT, 3
Executor, 3
Expired, 3
FLOW, 3
Final, 3
Function, 3
Helper, 3
IIPMAL, 3
IIPMMDS, 3
IIPMNS, 3
IIPMPACCS, 3
IIPMTPC, 3
IIPMTPS, 3
IIPNETGEM, 3
IIPORCS, 3
Incoming, 3
KCIM, 3
Locate, 3
Lock, 3
Logged, 3
Logger, 3
M, 3
MDD, 3
MNM, 3
MNP, 3
MNUM, 3
MSEO, 3
Machine, 3
Manual, 3
Node, 3
O, 3
OSCAR, 3
Ofs, 3
Ordered, 3
Outgoing, 3
Override, 3
Parse, 3
Port, 3
Queue, 3
RBSC, 3
RIOSS, 3
Remove, 3
Resolver, 3
Results, 3
Roll, 3
SAS, 3
Sort, 3
Stub, 3
System, 3
TSG, 3
Thread, 3
To, 3
UESCD, 3
Values, 3
Wrapper, 3
Activate, 2
Addes, 2
Aggregation, 2
Application, 2
As, 2
Attach, 2
Attributes, 2
Auth, 2
BALMBOC, 2
BALMFR, 2
BOC, 2
Boolean, 2
CMI, 2
Category, 2
Class, 2
Compress, 2
Configure, 2
Context, 2
Copy, 2
Creation, 2
Csv, 2
Customer, 2
Definition, 2
Detail, 2
Details, 2
Dynamic, 2
E, 2
E2, 2
Easy, 2
Encoded, 2
Encrypt, 2
Errors, 2
Existing, 2
FOC, 2
Field, 2
Files, 2
For, 2
Frame, 2
Fulfill, 2
GOC, 2
HDM, 2
HTTP, 2
Hierarchy, 2
History, 2
Html, 2
Http, 2
Illegal, 2
Initialise, 2
Interim, 2
Inuse, 2
Invalid, 2
Iterator, 2
JDOM, 2
KCI28, 2
Link, 2
Listener, 2
Local, 2
Lockable, 2
Logging, 2
MTPAQ, 2
Memory, 2
Mode, 2
Nested, 2
No, 2
Not, 2
Only, 2
Out, 2
Outstanding, 2
PMFJMS, 2
PMS, 2
Pair, 2
Parser, 2
Path, 2
Person, 2
Post, 2
Primary, 2
Progression, 2
Proposition, 2
Purge, 2
RCFCR, 2
Reader, 2
Reference, 2
Req, 2
Retry, 2
Rule, 2
SAT, 2
SOC, 2
Save, 2
Server, 2
Servlet, 2
Short, 2
Side, 2
Soset, 2
Stamp, 2
Success, 2
Supp, 2
TOC, 2
Template, 2
Threading, 2
Tokenizer, 2
Transaction, 2
Transform, 2
Tree, 2
Trigger, 2
Unchanged, 2
Upload, 2
User, 2
Utility, 2
Validation, 2
Variable, 2
X509, 2
ALL, 1
APIGEEIC, 1
APIGEEOC, 1
APIGWBOBIC, 1
APIGWBOBOC, 1
APIGWMPACCSIC, 1
APIGWMPACCSOC, 1
ASCIC, 1
ASCOC, 1
Accept, 1
Ack, 1
Acknowledge, 1
An, 1
Appender, 1
Applicability, 1
Archiver, 1
Argument, 1
Arguments, 1
Array, 1
Assignments, 1
Associated, 1
Associations, 1
Auth2, 1
B, 1
B2, 1
BBVOSSIC, 1
BBVOSSOC, 1
BOCFSM, 1
Base64, 1
Body, 1
Broadcast, 1
Byte, 1
CIC, 1
COC, 1
Callable, 1
Callback, 1
Caller, 1
Castor, 1
Cease, 1
Cell, 1
Chain, 1
Cloner, 1
Command, 1
Compare, 1
Completion, 1
Console, 1
Constant, 1
Contains, 1
Continue, 1
Coordination, 1
Count, 1
Credential, 1
Credentialskey, 1
Currency, 1
Current, 1
Custom, 1
DNPIC, 1
DNPOC, 1
Day, 1
Delayed, 1
Deployer, 1
Destination, 1
Detach, 1
Direct, 1
Do, 1
Document, 1
ESBMCCIC, 1
ESBMCCOC, 1
ESBMPAIC, 1
ESBMPAOC, 1
ESBMUPIC, 1
ESBMUPOC, 1
ESBNAQIC, 1
ESBNAQOC, 1
Encode, 1
Encoder, 1
Encoding, 1
Entries, 1
Env, 1
Errorable, 1
Evaluate, 1
Exec, 1
Execution, 1
Exists, 1
FOCFSM, 1
Failure, 1
Fast, 1
Finite, 1
Fixed, 1
Folder, 1
Formatted, 1
Found, 1
Ful, 1
Fulfilled, 1
Fulfilment, 1
GOCFSM, 1
Gen, 1
Generic, 1
Global, 1
Holder, 1
Hostname, 1
Housekeeping, 1
IC, 1
IIPMMDSIC, 1
IIPMMDSOC, 1
IIPMNSIC, 1
IIPMNSOC, 1
IIPMPACCSIC, 1
IIPMPACCSOC, 1
IIPMTPCIC, 1
IIPMTPCOC, 1
IIPMTPSIC, 1
IIPMTPSOC, 1
IIPNETGEMIC, 1
IIPNETGEMOC, 1
IIPORCSIC, 1
IIPORCSOC, 1
ISDN30, 1
Ids, 1
Ignored, 1
Implement, 1
Incompatibility, 1
Information, 1
Inheritence, 1
Initial, 1
Initiate, 1
Injection, 1
Interaction, 1
Jdbc, 1
Jeopardy, 1
Jndi, 1
Keyable, 1
Line, 1
Lists, 1
Load, 1
Loggable, 1
Long, 1
Look, 1
MLA, 1
MNMIC, 1
MNMOC, 1
MSEOIC, 1
MSEOOC, 1
Mapped, 1
Mappings, 1
Maths, 1
Mock, 1
Models, 1
Mouse, 1
Move, 1
Multi, 1
Nelson, 1
Non, 1
OC, 1
OFSTPT, 1
OSSIC, 1
OSSOC, 1
Openworld, 1
Operand, 1
Operation, 1
Or, 1
Orderable, 1
Overridable, 1
Overrides, 1
PCK, 1
PPV, 1
Parked, 1
Password, 1
Persist, 1
Pipeline, 1
Plain, 1
Price, 1
Printf, 1
Progress, 1
Provide, 1
Quantity, 1
RAP, 1
RBSCIC, 1
RBSCOC, 1
RIC, 1
ROC, 1
Read, 1
Receipt, 1
Receiver, 1
Recover, 1
Reflection, 1
Reflective, 1
Refresh, 1
Related, 1
Relative, 1
Renderer, 1
Reset, 1
Resolvable, 1
Resolve, 1
Retrieve, 1
Rollback, 1
Row, 1
Rules, 1
Runner, 1
SASIC, 1
SASOC, 1
SI, 1
SOAP, 1
SOCFSM, 1
Scanner, 1
Searcher, 1
Select, 1
Selection, 1
Sender, 1
Sequence, 1
Servcie, 1
Sets, 1
Sorter, 1
Source, 1
Stamped, 1
Statement, 1
Statuses, 1
String, 1
Substatus, 1
Suppress, 1
TOCFSM, 1
TSGIC, 1
TSGOC, 1
Tactical, 1
Telephone, 1
Test, 1
Throughput, 1
Token, 1
Tool, 1
Trace, 1
Track, 1
Transient, 1
Trees, 1
Trust, 1
UOM, 1
Unique, 1
Unknown, 1
Up, 1
Updated, 1
Utils, 1
V1_3, 1
Validator, 1
Verifier, 1
Weblogic, 1
Width, 1
Worker, 1
X, 1
Zipper, 1
set, 1
t.name, 1
